source_file,explicit_occurrences,explicit_missing_occurrences,naked_candidates,naked_covered,naked_uncovered,naked_review,naked_technical
ModuleData/CharacterTroops/ashigaru_units.xml,5,0,0,0,0,0,0
ModuleData/CharacterTroops/bandits.xslt,0,0,1,0,0,0,1
ModuleData/Items/artillery.xml,5,0,0,0,0,0,0
ModuleData/Items/books.xml,61,0,0,0,0,0,0
ModuleData/Items/guns.xml,25,0,1,1,0,0,0
ModuleData/Items/hats.xml,91,0,0,0,0,0,0
ModuleData/Items/katana_weapons.xml,12,0,0,0,0,0,0
ModuleData/Items/modern_guns.xml,100,0,1,1,0,0,0
ModuleData/Items/sabers.xml,17,0,0,0,0,0,0
ModuleData/Items/shoulders_belts.xml,128,0,0,0,0,0,0
ModuleData/Items/trousers.xml,4,0,0,0,0,0,0
ModuleData/Items/uniforms.xml,101,0,0,0,0,0,0
ModuleData/Languages/bak_strings.xml,5901,0,0,0,0,0,0
ModuleData/Troops/troops_artillerist.xml,3,0,0,0,0,0,0
ModuleData/Troops/troops_bakufu.xml,30,0,0,0,0,0,0
ModuleData/Troops/troops_boshin_modern.xml,13,0,0,0,0,0,0
ModuleData/Troops/troops_boshin_naval.xml,3,0,0,0,0,0,0
ModuleData/Troops/troops_boshin_traditional.xml,22,0,0,0,0,0,0
ModuleData/Troops/troops_choshu.xml,28,0,0,0,0,0,0
ModuleData/Troops/troops_chubu.xml,36,0,0,0,0,0,0
ModuleData/Troops/troops_chugoku.xml,20,0,0,0,0,0,0
ModuleData/Troops/troops_kanto.xml,8,0,0,0,0,0,0
ModuleData/Troops/troops_kinki.xml,35,0,0,0,0,0,0
ModuleData/Troops/troops_koryu.xml,63,0,0,0,0,0,0
ModuleData/Troops/troops_kyushu.xml,33,0,0,0,0,0,0
ModuleData/Troops/troops_mercenary.xml,4,0,0,0,0,0,0
ModuleData/Troops/troops_minor.xml,25,0,0,0,0,0,0
ModuleData/Troops/troops_shikoku.xml,19,0,0,0,0,0,0
ModuleData/Troops/troops_tohoku.xml,70,0,0,0,0,0,0
ModuleData/bak_action_types.xml,0,0,11,0,0,0,11
ModuleData/bak_item_usage_sets.xml,0,0,1,0,0,0,1
ModuleData/bak_siegeengines.xml,12,0,0,0,0,0,0
ModuleData/class_system_strings.xml,14,0,0,0,0,0,0
ModuleData/concept_strings.xml,82,0,0,0,0,0,0
ModuleData/crafting_pieces.xml,15,0,1,0,0,0,1
ModuleData/custombattlecharacters.xml,10,0,0,0,0,0,0
ModuleData/dojo_location_complex_templates.xml,1,0,0,0,0,0,0
ModuleData/heroes/chubu_heroes.xml,362,0,0,0,0,0,0
ModuleData/heroes/chugoku_heroes.xml,154,0,0,0,0,0,0
ModuleData/heroes/kanto_heroes.xml,190,0,0,0,0,0,0
ModuleData/heroes/kinki_heroes.xml,193,0,0,0,0,0,0
ModuleData/heroes/kyushu_heroes.xml,299,0,0,0,0,0,0
ModuleData/heroes/minor_heroes.xml,30,0,0,0,0,0,0
ModuleData/heroes/shikoku_heroes.xml,104,0,0,0,0,0,0
ModuleData/heroes/tohoku_heroes.xml,235,0,0,0,0,0,0
ModuleData/lords/chubu_lords.xml,362,0,0,0,0,0,0
ModuleData/lords/chugoku_lords.xml,154,0,0,0,0,0,0
ModuleData/lords/kanto_lords.xml,190,0,0,0,0,0,0
ModuleData/lords/kinki_lords.xml,195,0,0,0,0,0,0
ModuleData/lords/kyushu_lords.xml,299,0,0,0,0,0,0
ModuleData/lords/lords.xml,4,0,0,0,0,0,0
ModuleData/lords/shikoku_lords.xml,104,0,0,0,0,0,0
ModuleData/lords/tohoku_lords.xml,232,0,0,0,0,0,0
ModuleData/martial_school_progression.xml,60,0,0,0,0,0,0
ModuleData/martial_schools.xml,81,0,0,0,0,0,0
ModuleData/martial_schools_broad.xml,42,0,0,0,0,0,0
ModuleData/module_strings.xml,961,0,4,4,0,0,0
ModuleData/mokuroku.xml,61,0,0,0,0,0,0
ModuleData/settlements.xslt,0,0,5,0,0,0,5
ModuleData/settlements_reference.xml,3073,0,0,0,0,0,0
ModuleData/skins.xslt,0,0,12,0,0,0,12
ModuleData/spclans/chubu_clans.xml,58,0,0,0,0,0,0
ModuleData/spclans/chugoku_clans.xml,26,0,0,0,0,0,0
ModuleData/spclans/kanto_clans.xml,26,0,0,0,0,0,0
ModuleData/spclans/kinki_clans.xml,31,0,0,0,0,0,0
ModuleData/spclans/kyushu_clans.xml,53,0,0,0,0,0,0
ModuleData/spclans/shikoku_clans.xml,17,0,0,0,0,0,0
ModuleData/spclans/spclans.xml,24,0,0,0,0,0,0
ModuleData/spclans/tohoku_clans.xml,41,0,0,0,0,0,0
ModuleData/spcultures/shokuho_main_cultures.xml,25775,0,0,0,0,0,0
ModuleData/spkingdoms/spkingdoms.xml,156,0,0,0,0,0,0
ModuleData/spnpccharacters/bak_spnpccharacters.xml,8,0,0,0,0,0,0
ModuleData/spnpccharacters/dojo_spnpccharacters.xml,51,0,0,0,0,0,0
ModuleData/spspecialcharacters/bak_foreign_merchants.xml,62,0,0,0,0,0,0
ModuleData/spspecialcharacters/bak_notables.xml,1062,0,0,0,0,0,0
ModuleData/spspecialcharacters/bak_spspecialcharacters.xml,30,0,0,0,0,0,0
ModuleData/spspecialcharacters/spspecialcharacters.xml,2,0,0,0,0,0,0
ModuleData/wanderer_strings.xml,1584,0,0,0,0,0,0
