id,text,cn_file,classification
BakumatsuModels_class_name.None_ERRORSHOULDNOTS_239d,错误：不应显示,class_system_strings.xml,suppressed_debug_string
BakumatsuModels_class_rights.Influence_ERRORSHOULDNOTS_0afe,错误：不应显示,class_system_strings.xml,suppressed_debug_string
BakumatsuModels_class_rights.None_ERRORSHOULDNOTS_e4bb,错误：不应显示,class_system_strings.xml,suppressed_debug_string
arena_master_30,我现在需要离开。再见。,generated_dll_strings.xml,external_dll_source_not_in_ModuleData
arena_master_36,再想一想，我会推迟。,generated_dll_strings.xml,external_dll_source_not_in_ModuleData
arena_master_38,其实，没关系。,generated_dll_strings.xml,external_dll_source_not_in_ModuleData
never_mind,没关系。,generated_dll_strings.xml,external_dll_source_not_in_ModuleData
BakumatsuModels_HMFb1gaq_ForeignInfluenc_bdb1,外国影响,module_strings.xml,unmatched_synthetic_review
BakumatsuModels_NaMPa4ML_Loyalty_a182,忠诚,module_strings.xml,unmatched_synthetic_review
BakumatsuModels_hR6Zo6pD_Reformer_e0f9,塑身机,module_strings.xml,unmatched_synthetic_review
