id,source,current_cn
g0DodcKB,Kuge (Court Noble),公家（朝廷贵族）
X1Y2Z3A4,Owari Kan-ryu,尾张勘流
NzbJtdPe,Imperial Guard Sergeant,长州军官
NzbJtdPe,Choshu Officer,长州军官
Y5z6A7b8,Owari Kan-ryu,尾张贯流
C1d2E3f4,Owari Kan-ryu,尾张贯流
xA0WdHYT,Choshu-den,长州传
l8vKVgGg,Kishu Tamiya Ryu,纪州田宫流
xbod2ThM,Tsumaki Ataka Motonari,妻木安贵元就
itQ7pFYL,Owari Kan-ryu,尾张贯流
i9kiFKJ2,Tsushin-ryu,通信流
zkOmz2oV,Kingdom has the {CONTRADICTORY_POLICY} policy,Kingdom 有 {CONTRADICTORY_POLICY} 政策
BaPTImAl,Revere the Emperor,尊王
BaPEImAl,serving the emperor,效忠天皇
BaPLImAl,Allows recruitment of Imperial Army soldiers,允许招募官军士兵
BaPLShAl,Allows recruitment of Shogunate soldiers,允许招募幕府士兵
vB9pXLex,The Court of the Emperor,朝廷
IKWrry8v,The Spine of the Shogunate,幕府中坚
cQZMNw3q,20% less relationship loss from kingdom decisions.,藩国决策造成的关系损失减少 20%。
eHP0XVYF,100% more relationship gain from kingdom decisions.,藩国决策带来的关系增益增加 100%。
DEmMv6H8,Tosa,土佐
3Wf8Wium,Morioka,盛冈
3Wf8WiuC,Morioka,盛冈
3Wf8WIUm,Hirosaki,弘前
3Wf8WiAm,Akita,秋田
3Wf8WShm,Shonai,庄内
ShgIA2t0,Shonai,庄内
3Wf8WSen,Sendai,仙台
SegIA2t0,Sendai,仙台
3Wf8WYon,Yonezawa,米泽
MigIA2T0,Aizu,会津
MigAi2T0,Aizu,会津
MJR7iyKD,Matsuyama,松山
UwR7iyKD,Uwajima,宇和岛
HiR7iyKD,Hikone,彦根
KuR7iyKD,Kuwana,桑名
Kii7iyKD,Kishu,纪州
Tsu7iyKD,Tsu,津
FuK7iyKD,Fukui,福井
NaG7iyKD,Nagaoka,长冈
K6sg7Owa,Owari,尾张
K6sg7Mit,Mito,水户
K6sg7Tok,Tokugawa,天领
LiAaSgTz,Choshu,长州
HiAaSgTz,Hiroshima,广岛
OkaySgTz,Okayama,冈山
KMsg7Oum,Kumamoto,熊本
SMsg7Oag,Saga,佐贺
SMsg7Oat,Satsuma,萨摩
ZKHy2fwB,Your clan is now at war with {QUEST_GIVER.LINK}'s realm. Your agreement with {QUEST_GIVER.LINK} was canceled.,你的氏族现在正与 {QUEST_GIVER.LINK} 的藩交战。您与 {QUEST_GIVER.LINK} 的协议已取消。
IFH3fzAZ,{QUEST_GIVER.LINK} has left {KINGDOM}. Your agreement with {?QUEST_GIVER.GENDER}her{?}him{\\?} has been canceled.,{QUEST_GIVER.LINK} 已离开 {KINGDOM}。您与 {?QUEST_GIVER.GENDER}她的{?}他{\?} 的协议已取消。
kdDoqJxM,"The nobles aren't trying to defend a wicked cause, but they cannot risk the domain's destruction by its enemies",贵族们并不想捍卫邪恶的事业，但他们不能冒藩被敌人毁灭的风险
qti2YofG,Okayama,冈山
uyVTNrO8,Tsuarjima,津阿尔岛
4Hvmfg62,Tsugawa,津川
vJbZkdX7,Tsushima,对马岛
BdXzJLer,Tsuruga,敦贺
RbZ6aQZJ,Tsuru,鹤
BAkfKBd7,Sagara-Minato,相良港
OzxYpqps,Ogaki Castle,大垣城
qVMNO1bw,Tsumago,妻笼
5GFPjyZy,Mito Castle,水户城
unBMdPnQ,Mito,水户
XneOdQah,Tsuchiura,土浦
02LbyErE,Matsuyama,松山
dXkBXUQ2,Kii-Yura,纪伊由良
t2ioc3tv,Tsu Castle,津城
t93lkmYo,Tsuge,柘植
ZnlA58aj,Kuwana,桑名
RmvKSL4R,Kii-Kameyama Castle,纪伊龟山城
HHWkdmFT,Kiidani,木谷
k2e9Z4Cn,Kumamoto,熊本
kXl5DF4d,Tsurusaki Castle,鹤崎城
Eux6uT73,Matsuyama Castle,松山城
PaZTWp5t,Tosadomari Castle,土佐泊城
RCqlfDCy,Yonezawa,米泽
74v8alVP,Akitanada,秋棚田
d2r4B3vq,Tosaminato,十三湊
s7rze40X,Nihonmatsu Castle,二本松城
6EjtiE1h,Nihonmatsu,二本松
vsV1qXqp,Sendai,仙台
4u0yW6NO,"A disappointing thing, that so few are willing to die for His Imperial Majesty.",令人失望的是，愿意为皇帝陛下而死的人太少了。
mwP0qLdr,"Let me tell you something - I'm sick of cowardice, sick of those who don't come forth to serve their Emperor.",让我告诉你一件事——我厌倦了懦弱，厌倦了那些不出来侍奉他们的皇帝的人。
9LgUgtje,The Emperor sits in Kyoto while weak men rule in his name.,天皇坐在京都，弱者以他的名义统治。
lhX5bcSW,Tokugawa Iemochi,德川家茂
KPL2cW75,Tokugawa Iesada,德川家定
T7whzugC,Tokugawa Ieyoshi,德川家吉
TokHiYos,Tokugawa Yoshinobu,德川庆喜
TokHiMik,Tokugawa Mikako,德川美佳子
TokHiMoc,Tokugawa Mochinaga,德川持永
TokHiMas,Tokugawa Masahime,德川正姬
TokTaYoy,Tokugawa Yoshiyori,德川义赖
TokTaYko,Tokugawa Yoshiko,德川芳子
TokTaKik,Tokugawa Kiku,德川菊
TokTaTch,Tokugawa Takachiyo,德川高千代
TokTaIet,Tokugawa Ietada,德川家忠
P3zTiZCm,Tokugawa Yoshiatsu,德川义笃
fpxfCA95,Tokugawa Nariaki,德川齐昭
w54S5I3N,Tokugawa Yoshiko,德川芳子
pizr75r3,Tokugawa Yoriko,德川顺子
1agVt6tW,Tokugawa Atsuyoshi,德川敦义
iUvP6aFv,Tokugawa Atsumori,德川笃守
fAdkH6BS,Tokugawa Akinori,德川昭德
Ihhdccnz,Tokugawa Tsuchiya,德川土屋
I6HLatlC,Tokugawa Akitake,德川昭武
XT3whBO1,Tokugawa Akichika,德川昭亲
HMftyqYc,Tokugawa Sadako,德川贞子
19IdACYb,Tsukigata Senzo,月形千三
gzC7F4fo,Tsukigata Hana,月形花
PVVSjRbo,Tsukigata Shinzo,月形真三
qRHfzyUs,Tsukigata Yasuko,月形泰子
MYV9KYo1,Tsukigata Shoka,月形翔香
vs49SDks,Tokugawa Mochitsugu,德川望继
BeVxuHbe,Tokugawa Nariyuki,德川成之
0TdWVoYC,Tokugawa Noriko,德川纪子
9QUwXAo6,Tokugawa Hisako,德川久子
kYtWhJo4,Tokugawa Takako,德川隆子
ACqEvloB,Tokugawa Chofuku-maru,德川长福丸
iZkMYp72,Tokugawa Yoshikatsu,德川庆胜
rvDsCUpk,Tokugawa Kane,德川兼
qIzG5074,Tokugawa Yoshinori,德川庆德
RF8JjIdu,Tokugawa Koko,德川幸子
Av28pOpi,Tokugawa Michi,德川道
VBrMcD42,Tokugawa Yoshitoshi,德川义俊
99ZeqWCB,Tokugawa Nori,德川纪
5eZfB982,Sagara Yorimoto,相良赖本
HAtmAA4A,Sagara Suzu,相良铃
5GMpq6XY,Sagara Motosaburo,相良元三郎
NutJCPcj,Sagara Hiroko,佐仓裕子
NWi3RA0H,Sagara Nagatomi,长富相乐
bbvlOOs5,Sagara Yoritsugu,相良赖继
YNU67geV,Sagara Yoriyuki,相良赖之
4ZWfBLHb,Nagaoka Moriyoshi,长冈守吉
Y7RBrR1o,Tsuji Ichizaemon,辻氏左卫门
AizSagKa,Sagawa Kanbei,佐川官兵卫
EDAnoqXI,Tokugawa Takako,德川隆子
bLbHwsOu,Akita Tomosue,秋田友末
2lCIr4Yo,Akita Matsuko,秋田松子
V0yNJaSo,Akita Norisue,秋田纪末
KLD5OGKr,Akita Tetsu,秋田哲
Nn83RWCj,Akita Akisue,秋田秋末
CuZoMuTC,Akita Sueharu,秋田末治
MnxZWCfr,Akita Tatsuko,秋田达子
UP1GXVUv,Akita Chinko,秋田镇子
PBJm4EDg,Tsugaru Yukitsugu,津轻行继
Zd7dIZYX,Tsugaru Izumi,津轻泉
DxKKXmBo,Tsugaru Tsuguakira,津轻津光
bCUAVf01,Tsugaru Tsunehime,津轻常姬
tePWyu1J,Tsugaru Naramaro,津轻奈良麻吕
ghllwrCJ,Tsugaru Tsugumichi,津轻津道
PZT6X6Nv,Tsugaru Chiyoko,津轻千代子
EhjiWov4,Tsugaru Tsuguyasu,津轻继康
J4YAWqUc,Tsugaru Torakuko,津轻虎子
rQvhIKmk,Mito Shikibu,水户式部
Loa2z2lg,Mito Hime,水户姬
k0VTBlM1,Mito Yosho,水户洋翔
N8YxPOIs,Mito Sadaaki,慈善的神话
RQvhIKmk,Mito Saisho,水户最商
BakMHacT,Tokugawa Hachimaki,德川八卷
BosBeSoA,Aizu Sode Jirushi,会津袖印
BosBeSoH,Hiroshima Sode Jirushi,广岛袖印
BosBeSoS,Saga Sode Jirushi,佐贺袖印
BosBeSoN,Nagaoka Sode Jirushi,长冈袖印
BosBeSoO,Okayama Sode Jirushi,冈山袖印
BosBeSoo,Owari Sode Jirushi,尾张袖印
BosBeSot,Tsu Sode Jirushi,津袖印
nbMsupjp,Tsukigata Senzo,黑田圭
YgGJdujN,Tsuji Ichizaemon,辻氏左卫门
97vWqS1S,Tsugaru Naramaro,大道寺重利
QWSAhV9G,Fukui Retainers,福井藩士
qVwe6PhI,Tokugawa-shi,德川氏
or53kdHi,Tokugawa-shi Hitotsubashi-ke,德川氏一桥家
or53kdTa,Tokugawa-shi Tayasu-ke,德川氏多安家
6NWgGmYf,Akita-shi,秋田氏
qVwe6PhM,Shogunate Retainers,幕臣
TJfQdtFe,Tokugawa-shi Mito-ke,德川氏水户家
lY9SDVTs,Tsugikata-shi,继方氏
HTqZfe96,Tosa Kinno-to,土佐勤王党
lx34RrxX,Tokugawa-shi Kii-ke,德川氏纪伊家
skZuhNKm,Kuwana Retainers,桑名藩士
9jmhs2Af,Tokugawa-shi Owari-ke,德川氏尾张家
DRRT6YSR,Satsuma Retainers,萨摩藩士
WMGq6j1n,Sagara-shi,相良氏
LvmXDnyd,Saga Retainers,佐贺藩士
kEoddDyL,Aizu Kotetsu-kai,会津小铁会
fXENjJJL,Oda Clan,织田氏
Aizqo4NM,Aizu Retainers,会津藩士
UyMq8aDj,Tsugaru-shi,津轻氏
6LMl0tI8,Tsugaru-shi Kuroishi-ke,津轻氏黑石家
BMQyxH2f,Mito-shi,水户氏
i62ROvkh,Kiichiro,喜一郎
22qdH8rc,Tsurutaro,鹤太郎
sAfPsIZ8,Tsuruichiro,鹤一郎
kfHjrOIs,Tsurujiro,鹤二郎
5CSrGJfb,Tsurusaburo,鹤三郎
wkcqyrPI,Tsurugoro,鹤五郎
EugzWPXo,Tsurujuro,鹤十郎
p0vR6eJa,Tsurusuke,鹤介
7N515T5W,Tsurunosuke,鹤之助
oUA7SxtT,Tsuruzo,鹤造
TQiCvmEX,Iyo,伊予
ZzRx1abW,Tosa,土佐
TverdHvf,Tsubouchi,坪内
XM9EPZDi,Satsuma,萨摩
XM9EPKuM,Kumamoto,熊本
XM9EPSag,Saga,佐贺
UwaMv6H8,Uwajima,宇和岛
DMaMv6H8,Matsuyama,松山
NFOJEwiL,Choshu,长州
pQS7UiSK,Mitoya,三户也
NFOJEHir,Hiroshima,广岛
NFOJEHir,Hiroshima{newline}{newline}Foreign Merchant: British,广岛
Z1qR2Oka,Okayama,冈山
Z1qR2OkA,Okayama{newline}{newline}Foreign Merchant: Dutch,冈山{newline}{newline}外国商人：荷兰人
Rsom7ttN,Hikone,彦根
Kism7ttN,Kii,不
Kism7ttN,Kii{newline}{newline}Foreign Merchant: German,不
Tsum7ttN,Tsu,津
Tsum7ttN,Tsu{newline}{newline}Foreign Merchant: French,津
Hikm7ttN,Hikone,彦根
Hikm7ttN,Hikone{newline}{newline}Foreign Merchant: French,彦根
Kuwm7ttN,Kuwana,桑名{newline}{newline}外国商人：法国
Kuwm7ttN,Kuwana{newline}{newline}Foreign Merchant: French,桑名{newline}{newline}外国商人：法国
wIaHKNag,Nagaoka,长冈
wIaHKNag,Nagaoka{newline}{newline}Foreign Merchant: American,长冈
wIaHKFuk,Fukui,福井
wIaHKFuk,Fukui{newline}{newline}Foreign Merchant: British,福井
JSiAyodh,Mito,水户
OwaAyodh,Owari,尾张
OwaAyodh,Owari{newline}{newline}Foreign Merchant: French,尾张
Z1qR2REA,Tosan{newline}{newline}Foreign Merchant: Dutch,户座间
AizIDiZt,Aizu,会津{newline}{newline}外国商人：德国
AizIDiZt,Aizu{newline}{newline}Foreign Merchant: German,会津{newline}{newline}外国商人：德国
kZwk4hVf,Sagae,寒河江
SenIDiZt,Sendai,仙台
SenIDiZt,Sendai{newline}{newline}Foreign Merchant: German,仙台
ShkIDiZt,Shonai,庄内
ShkIDiZt,Shonai{newline}{newline}Foreign Merchant: German,庄内
MFkIDiZT,Morioka,盛冈
MFkIDiZT,Morioka{newline}{newline}Foreign Merchant: German,盛冈
MFkIDiZt,Hirosaki,弘前
MFkIDiZt,Hirosaki{newline}{newline}Foreign Merchant: Dutch,弘前
MfAIDiZt,Akita,秋田
MfAIDiZt,Akita{newline}{newline}Foreign Merchant: British,秋田
YFkIDiZT,Yonezawa,米泽
YFkIDiZT,Yonezawa{newline}{newline}Foreign Merchant: Dutch,米泽
vshw4yMm,Aizu-han,会津藩
qO2LaEJH,Aizu,会津
NuFjU4h9,Tottori-han,鸟取藩
LUMqVU9O,Sendai-han,仙台藩
fKx72A6I,Sendai,仙台
nEkrt7ID,Fukushima-han,福岛藩
rGZyKAhx,Hirosaki-han,弘前藩
xU6k7DMZ,Hirosaki,弘前
Utg0dgbV,Morioka-han,盛冈藩
lOrWIIfh,Morioka,盛冈
742AdeFJ,Mito-han,水户藩
WhlNAwBH,Mito,水户
qFVVTsug,Jozai-han,请西藩
bWjqvgLb,Nagaoka-han,长冈藩
9iMMapjE,Nagaoka,长冈
0QhvafT9,Kubota-han,久保田藩
ijCa8pDo,Kubota,久保田
97tn9Agd,Fukui-han,福井藩
Hwgq2oHf,Fukui,福井
4c5OF6TQ,Obama-han,小滨藩
OHqGIRhL,Tokugawa Bakufu,德川幕府
nAUwT8JG,Tokugawa,德川
sWnHr5q5,Ouetsu Reppan Dōmei,奥羽越列藩同盟
8kilNkSs,Shonai-han,庄内藩
ASyaMblp,Shonai,庄内
J3WAJxu3,Himeji-han,姬路藩
hdkeGb7H,Iyo Matsuyama-han,伊予松山藩
nJmwT7OT,Iyo Matsuyama,伊予松山
RTJJQ1N4,Hikone-han,彦根藩
hMz5eeje,Hikone,彦根
lqGGI5WL,Kishu-han,纪州藩
4cnmTBU0,Kishu,纪州
V9HoIoLf,Kuwana-han,桑名藩
PGOSBt3d,Kuwana,桑名
ueioOrlR,Owari-han,尾张藩
0PavuhnS,Owari,尾张
NE0beHdI,Tsu-han,津藩
NBk1hBZz,Tsu,津
bVqyvzea,Kaga-han,加贺藩
PaA2zlKr,Hiroshima-han,广岛藩
KolhtpUd,Hiroshima,广岛
F4UZiV7f,Matsue-han,松江藩
HanChosh,Choshu-han,长州藩
ShoChosh,Choshu,长州
1kGV1kZG,Ozu-han,大洲藩
aUUSaL8k,Uwajima-han,宇和岛藩
44ThIRyK,Uwajima,宇和岛
pWLiqObw,Tosa-han,土佐藩
do4c1Wld,Tosa,土佐
IyoVqTuy,Tokushima-han,德岛藩
HanSatsu,Satsuma-han,萨摩藩
ShoSatsu,Satsuma,萨摩
16fyo47M,Kokura-han,小仓藩
aFBneNkA,Kumamoto-han,熊本藩
ONWqd9Hd,Kumamoto,熊本
aiTAusH5,Hitoyoshi-han,人吉藩
taM0M0u7,Yodo-han,淀藩
kveCZElo,Kurume-han,久留米藩
uIMPOA8l,Saga-han,佐贺藩
5HSblONo,Saga,佐贺
4SATjx3b,Fukuoka-han,福冈藩
Mc4JptO8,Cautious imperial merchant,谨慎的帝国商人
8z2i23JG,Cold imperial merchant,冷酷的帝国商人
G8Gs9Jnz,Messianic imperial preacher,弥赛亚帝国传教士
LcpGR7Qx,Puritan imperial preacher,清教徒帝国传教士
bZaL4757,Female imperial mystic,女帝国神秘师
LIUPnJH9,Imperial gruff labor leader,帝国粗暴的劳工领袖
NqMcUPe0,Imperial outgoing labor leader,帝国即将卸任的劳工领袖
UNzUhmsZ,Protective imperial male gang leader,护皇宫男帮主
RXXwuRXp,Ironic imperial gang leader,讽刺帝国帮派头目
PybHUAiH,Intimidating male imperial gang leader,恐吓男性帝国帮派头目
N4lGbs2X,Bestial male imperial gang leader,兽性男帝国帮主
Oqw8LyRt,Female imperial gang leader,女帝国帮主
3C2X5iI0,Menacing female imperial gang leader,来势汹汹的女帝国帮主
SRtabgMr,Morioka Caravan Master,盛冈商队首领
SRtabgHr,Hirosaki Caravan Master,弘前商队首领
SRTAbgHr,Akita Caravan Master,秋田商队首领
ShoAbgHr,Shonai Caravan Master,庄内商队首领
SenAbgHr,Sendai Caravan Master,仙台商队首领
YonAbgHr,Yonezawa Caravan Master,米泽商队首领
MatAbgHr,Matsuyama Caravan Master,松山商队首领
UwaAbgHr,Uwajima Caravan Master,宇和岛商队首领
HikAbgHr,Hikone Caravan Master,彦根商队首领
KuwAbgHr,Kuwana Caravan Master,桑名商队首领
KisAbgHr,Kii Caravan Master,纪伊商队首领
TsuAbgHr,Tsu Caravan Master,津商队首领
FuKAbgHr,Fukui Caravan Master,福井房车大师
NaGAbgHr,Nagaoka Caravan Master,长冈商队首领
OwaAbgHr,Owari Caravan Master,尾张商队首领
KaMAbgHr,Kumamoto Caravan Master,熊本商队首领
SagAbgHr,Saga Caravan Master,佐贺商队首领
HirAbgHr,Hiroshima Caravan Master,广岛商队首领
OkaYbgHr,Okayama Caravan Master,冈山商队首领
BosBaAsh,Bakufu Ashigaru,幕府足轻
BosBaYaA,Bakufu Yari Ashigaru,幕府枪足轻
BosBaNaG,Bakufu Naginata Gokenin,幕府薙刀御家人
BosBaNaH,Bakufu Naginata Hatamoto,旗本幕府薙刀
BosBaYaG,Bakufu Yari Gokenin,幕府枪御家人
BosBaSho,Bakufu Shoinban,幕府书院番
BosBaYuA,Bakufu Yumi Ashigaru,幕府弓足轻
BosBaDaG,Bakufu Daikyu Gokenin,幕府大弓御家人
BosBaKos,Bakufu Koshogumi,幕府小姓组
BosBaTeG,Bakufu Teppo Gokenin,幕府铁炮御家人
BosBaTeH,Bakufu Teppo Hatamoto,旗本幕府鐵炮
BosBaKaA,Bakufu Katana Ashigaru,幕府刀足轻
BosBaOdG,Bakufu Odachi Gokenin,幕府大太刀护院
BosBaOdG,Bakufu Odachi Hatamoto,幕府大太刀护院
BosBaDos,Bakufu Doshin,幕府同心
BosBaMim,Bakufu Mimawari-gumi,幕府见回组
BosBaMiS,Bakufu Sogekitai,幕府狙击队
BosBayor,Bakufu Yoriki,幕府与力
BosBaYug,Bakufu Yugekitai,幕府游击队
BosBaHoh,Bakufu Hoheitai,幕府步兵队
BosChShi,Choshu Shimpeitai,新武台
BosChDen,Choshu Denshutai,长州传习队
BosChGNo,Choshu Noheitai,长州农兵队
BosChFuh,Choshu Fuheitai,长州步兵队
BosFuJut,Fukui Jutai,福井铳队
BosFuHoh,Fukui Hoheitai,福井步兵队
BosNaJut,Nagaoka Jutai,长冈铳队
BosNaJus,Nagaoka Jushitai,长冈铳士队
BosOgTep,Ogaki Teppotai,大垣铁炮队
BosOgHoh,Ogaki Hoheitai,大垣步兵队
BosHiHan,Hiroshima Hanpeitai,广岛藩兵队
BosOkSei,Okayama Seieitai,冈山精锐队
BosTsAsh,Tsu Ashigaru,津足轻
BosTsYaA,Tsu Yari Ashigaru,津枪足轻
BosTsSap,Tsu Sappei,津萨平
BoOwROku,Owari Kan-ryu Keppan,尾张宽流血判
BoOwRMok,Owari Kan-ryu Mokuroku,尾张观流目録
BoOwRMen,Owari Kan-ryu Menkyo,尾张勘流免许
BosKuTsu,Tsuji Ichizaemon-tai,辻氏左卫门队
BosStShi,Satsuma Shimpeitai,萨摩新平队
BosStDen,Satsuma Denshutai,萨摩传习队
BosMGFuH,Tosa Fuheitai,土佐步兵队
BosMURan,Uwajima Ranshiki-tai,宇和岛兰式队
BosMUEis,Uwajima Eishiki-tai,宇和岛英式队
BosMoAsh,Morioka Ashigaru,盛冈足轻
BosMoYaA,Morioka Yari Ashigaru,盛冈枪足轻
BosMoTeA,Morioka Teppo Ashigaru,盛冈铁炮足轻
BosAkAsh,Akita Ashigaru,秋田足轻
BosAkYaA,Akita Yari Ashigaru,秋田枪足轻
BosAkNgA,Akita Nagae Ashigaru,秋田长柄足轻
BosAkNgK,Akita Nagae Kachisamurai,秋田長柄組
BosAkKsA,Akita Kachisamurai,秋田組
BosAkBaj,Akita Bajosamurai,秋田马上武士
BosAkUma,Akita Umamawari-gumi,秋田馬廻組
BosAkYuA,Akita Yumi Ashigaru,秋田弓足轻
BosAkYUK,Akita Daikyu Kachisamurai,秋田大筒組
BosAkKis,Akita Kishazamurai,秋田骑射武士
BosAkTeA,Akita Teppo Ashigaru,秋田铁炮足轻
BosAkTeK,Akita Teppo Kachisamurai,秋田铁炮組
BosAkYug,Akita Yugekitai,秋田游击队
BosAkBat,Akita Batto-gumi,秋田拔刀组
BosAkSak,Akita Sakite-gumi,秋田小拔刀组
BosAkHoh,Akita Hoheitai,秋田步兵队
BosSeAsh,Sendai Ashigaru,仙台足轻
BosSeTeA,Sendai Teppo Ashigaru,仙台铁炮足轻
BosSeTeK,Sendai Teppo Kachisamurai,仙台铁炮組
BosSeYug,Sendai Yugekitai,仙台游击队
BosAiAsh,Aizu Ashigaru,会津足轻
BosAiBat,Aizu Batto-gumi,会津拔刀组
BosYoAsh,Yonezawa Ashigaru,米泽足轻
BosYoYaA,Yonezawa Yari Ashigaru,米泽枪足轻
BosYoNgA,Yonezawa Nagae Ashigaru,米泽长柄足轻
BosYoKsA,Yonezawa Kachisamurai,米泽組
BosYoBaj,Yonezawa Bajosamurai,米泽马上武士
BosYoTeA,Yonezawa Teppo Ashigaru,米泽铁炮足轻
BosYoBat,Yonezawa Batto-gumi,米泽拔刀组
NeEmSatc,The Satcho Alliance,萨乔联盟
zLSSSatc,Satcho Alliance,佐藤联盟
TaHokans,Restoration of Imperial Rule,恢复帝国统治
D2pZ95Cj,"Choshu has forced back the Shogunate forces, showing the weakness of the Shogunate more clearly than ever before.",长州将幕府势力逼退，幕府的弱点比以往任何时候都更加明显。
D2Pz95Mj,"The Tengu-to Rebels have won out. While the Shogunate remains open to foreigners, Mito has unified around the Sonno-joi.",天狗岛叛军取得了胜利。虽然幕府仍然对外国人开放，但水户已经统一在尊王攘夷周围。
ChSThwR8,Choshu Seigi-ha,长州清仪派
OHqGIBaT,Tokugawa-han,德川藩
BaTratLD,Loyalty represents your personal loyalty to either the Shogun or Emperor.,忠诚度代表您对幕府将军或天皇的个人忠诚度。
YL6C9B2E,To stand before a lord of his own domain... forgive any discourtesy on my part.[if:nervous][if:convo_nervous],站在自己藩的领主面前……请原谅我的任何失礼。[if:nervous][if:convo_nervous]
kdDoqJxM,"The nobles aren't trying to defend a wicked cause, but they cannot risk the domain's destruction by its enemies.",贵族们并不想捍卫邪恶的事业，但他们不能冒藩被敌人毁灭的风险
e7VpHtWJ,Conflict is inevitable against those who claim to march under the Imperial Banner.,对于那些声称在帝国旗帜下游行的人来说，冲突是不可避免的。
qDV6pQNJ,studying at a domain school.,在藩校校学习。
CwpZI53J,copying domain records.,复制藩记录。
ajtBuhhb,you supported unity between court and shogunate.,你支持朝廷和幕府的统一。
7uzvI8e8,Kingdom Budget Expense,藩国预算支出
