id,source,old_cn,new_cn,reason
xA0WdHYT,Choshu-den,长州殿,长州传,historical terminology
Mn6pLhBU,Nakanishi-ha,中西叶,中西派,historical terminology
VQVEpj4H,Kawada-ha,川田霸,川田派,historical terminology
yY3JpPW2,Kofu-den,甲府殿,甲府传,historical terminology
l8vKVgGg,Kishu Tamiya Ryu,纪州田宫龙,纪州田宫流,historical terminology
VzjMcLl8,Ono-ha,小野叶,小野派,historical terminology
8mNOZIZp,Itto-Ryu,伊藤龙,一刀流,historical terminology
ZRMWzgVh,Chikurin-ha,竹林叶,竹林派,historical terminology
kfzGKJ3C,Yashima-ha,屋岛叶,屋岛派,historical terminology
HV1MNEAJ,Kodokan,讲道馆,弘道馆,historical terminology
ZycbgH4K,Takada-ha,高田羽,高田派,historical terminology
FjWtFjkl,Mizoguchi-ha,沟口叶,沟口派,historical terminology
F47pnUmJ,Kawada-ha,川田霸,川田派,historical terminology
cqWsQsQW,Ono-ha,小野叶,小野派,historical terminology
300v5mE3,Odani Dojo,忠诚道场,小谷道场,historical terminology
NgHLM8I4,Shieikan,志荣馆,试卫馆,historical terminology
BaPTImAl,Revere the Emperor,尊崇皇帝,尊王,historical terminology
BaPEImAl,serving the emperor,侍奉皇帝,效忠天皇,historical terminology
BaPLImAl,Allows recruitment of Imperial Army soldiers,允许招募帝国陆军士兵,允许招募官军士兵,historical terminology
vB9pXLex,The Court of the Emperor,皇帝的法庭,朝廷,historical terminology
IKWrry8v,The Spine of the Shogunate,幕府的脊柱,幕府中坚,historical terminology
4ULpJzxb,Your actions have started a war with {QUEST_GIVER.LINK}'s faction. {?QUEST_GIVER.GENDER}She{?}He{\\?} cancels your agreement and the quest is a failure.,你的行为已经引发了与 {QUEST_GIVER.LINK} 派系的战争。 {?QUEST_GIVER.GENDER}她{?}他{\?}取消你的协议，任务失败。,你的行为已经引发了与 {QUEST_GIVER.LINK} 派系的战争。 {?QUEST_GIVER.GENDER}她{?}他{\\?}取消你的协议，任务失败。,restore conditional token
eFZZnz5R,"{QUEST_GIVER.LINK}, a retainer of the {QUEST_GIVER_FACTION} has told you that they need smoothbore Geweer for their upcoming military campaign. {?QUEST_GIVER.GENDER}She{?}He{\\?} wanted you to deliver {SMOOTHBORE_AMOUNT} Geweer guns and although it's not necessary, to provide {RIFLE_AMOUNT} Minieru rifles and {CARTRIDGE_AMOUNT} cartridge boxes. {?QUEST_GIVER.GENDER}she{?}he{\\?} would appreciate it.",{QUEST_GIVER.LINK}，{QUEST_GIVER_FACTION} 的一名随从告诉您，他们需要滑膛蓋貝爾槍来应对即将到来的军事行动。 {?QUEST_GIVER.GENDER}她{?}他{\?} 希望你提供 {SMOOTHBORE_AMOUNT}蓋貝爾槍枪，尽管没有必要，但提供 {RIFLE_AMOUNT} 米涅步枪和 {CARTRIDGE_AMOUNT} 弹盒。 {?QUEST_GIVER.GENDER}她{?}他{\?} 将不胜感激。,{QUEST_GIVER.LINK}，{QUEST_GIVER_FACTION} 的一名随从告诉您，他们需要滑膛蓋貝爾槍来应对即将到来的军事行动。 {?QUEST_GIVER.GENDER}她{?}他{\\?} 希望你提供 {SMOOTHBORE_AMOUNT}蓋貝爾槍枪，尽管没有必要，但提供 {RIFLE_AMOUNT} 米涅步枪和 {CARTRIDGE_AMOUNT} 弹盒。 {?QUEST_GIVER.GENDER}她{?}他{\\?} 将不胜感激。,restore conditional token
J1fGA6AF,"I'll deliver {SMOOTHBORE_AMOUNT} Geweer muskets as soon as possible {?QUEST_GIVER.GENDER}lady{?}sir{\\?}, and try to find some Minieru and cartridges as you requested.",我会尽快交付{SMOOTHBORE_AMOUNT} 蓋貝爾槍步枪{?QUEST_GIVER.GENDER}女士{?}先生{\?}，并按照您的要求尽力找到一些米涅步枪和弹药筒。,我会尽快交付{SMOOTHBORE_AMOUNT} 蓋貝爾槍步枪{?QUEST_GIVER.GENDER}女士{?}先生{\\?}，并按照您的要求尽力找到一些米涅步枪和弹药筒。,restore conditional token
zZlOr4dD,{ISSUE_GIVER.LINK} a merchant from {ISSUE_GIVER_SETTLEMENT} has complained to you about not being able to sell foreign made firearms in the town. {?ISSUE_GIVER.GENDER}She{?}He{\\?} will pay {REWARD}{GOLD_ICON} for you to take the guns to another town. You have tasked {COMPANION.LINK} and {ALTERNATIVE_SOLUTION_TROOP_COUNT} men to smuggle {?ISSUE_GIVER.GENDER}her{?}his{\\?} goods to a “friend” in {TARGET_TOWN}. They will return to you in {RETURN_DAYS} days with a sizable sum of {REWARD}{GOLD_ICON}.,{ISSUE_GIVER.LINK} 来自 {ISSUE_GIVER_SETTLEMENT} 的商人向您抱怨无法在镇上销售外国制造的枪支。 {?ISSUE_GIVER.GENDER}她{?}他{\?} 将支付 {REWARD}{GOLD_ICON} 让你把枪带到另一个城镇。您已指派 {COMPANION.LINK} 和 {ALTERNATIVE_SOLUTION_TROOP_COUNT} 人员将 {?ISSUE_GIVER.GENDER}她的{?}他的{\?} 货物走私给 {TARGET_TOWN} 的“朋友”。他们将在 {RETURN_DAYS} 天后返回给您，并携带相当大的金额 {REWARD}{GOLD_ICON}。,{ISSUE_GIVER.LINK} 来自 {ISSUE_GIVER_SETTLEMENT} 的商人向您抱怨无法在镇上销售外国制造的枪支。 {?ISSUE_GIVER.GENDER}她{?}他{\\?} 将支付 {REWARD}{GOLD_ICON} 让你把枪带到另一个城镇。您已指派 {COMPANION.LINK} 和 {ALTERNATIVE_SOLUTION_TROOP_COUNT} 人员将 {?ISSUE_GIVER.GENDER}她的{?}他的{\\?} 货物走私给 {TARGET_TOWN} 的“朋友”。他们将在 {RETURN_DAYS} 天后返回给您，并携带相当大的金额 {REWARD}{GOLD_ICON}。,restore conditional token
y6l0Z6qH,{QUEST_GIVER.LINK} a merchant from {QUEST_GIVER_SETTLEMENT} has complained to you about not being able to sell their stock of foreign guns because of the unfair local laws. {?QUEST_GIVER.GENDER}She{?}He{\\?} will pay {REWARD_AMOUNT}{GOLD_ICON} for you to take the guns to another town. You agreed to take {?QUEST_GIVER.GENDER}her{?}his{\\?} guns to {TARGET_HERO.LINK} in {TARGET_SETTLEMENT}.,{QUEST_GIVER.LINK} 一位来自 {QUEST_GIVER_SETTLEMENT} 的商人向您抱怨，由于当地法律不公平，他们无法出售他们库存的外国枪支。 {?QUEST_GIVER.GENDER}她{?}他{\?} 将支付 {REWARD_AMOUNT}{GOLD_ICON} 让你把枪带到另一个城镇。您同意将 {?QUEST_GIVER.GENDER}她的{?}他的{\?} 枪带到 {TARGET_SETTLEMENT} 的 {TARGET_HERO.LINK}。,{QUEST_GIVER.LINK} 一位来自 {QUEST_GIVER_SETTLEMENT} 的商人向您抱怨，由于当地法律不公平，他们无法出售他们库存的外国枪支。 {?QUEST_GIVER.GENDER}她{?}他{\\?} 将支付 {REWARD_AMOUNT}{GOLD_ICON} 让你把枪带到另一个城镇。您同意将 {?QUEST_GIVER.GENDER}她的{?}他的{\\?} 枪带到 {TARGET_SETTLEMENT} 的 {TARGET_HERO.LINK}。,restore conditional token
g7jLAowc,{QUEST_GIVER.LINK} sends {?QUEST_GIVER.GENDER}her{?}his{\\?} regards for a fine job done with the {REWARD}{GOLD_ICON} {?QUEST_GIVER.GENDER}she{?}he{\\?} promised.,{QUEST_GIVER.LINK} 向 {?QUEST_GIVER.GENDER}她的{?}他的{\?} 致以问候，祝贺 {REWARD}{GOLD_ICON} {?QUEST_GIVER.GENDER}她{?}他{\?} 所承诺的工作做得很好。,{QUEST_GIVER.LINK} 向 {?QUEST_GIVER.GENDER}她的{?}他的{\\?} 致以问候，祝贺 {REWARD}{GOLD_ICON} {?QUEST_GIVER.GENDER}她{?}他{\\?} 所承诺的工作做得很好。,restore conditional token
h3Peswv5,You have failed to deliver {REQUESTED_AMOUNT} {.%}{?(REQUESTED_AMOUNT > 1)}rifles{?}rifle{\\?}{.%} to {TARGET_SETTLEMENT} in time as {QUEST_GIVER.LINK} asked you.,您未能按照 {QUEST_GIVER.LINK} 的要求及时将 {REQUESTED_AMOUNT} {.%}{?(REQUESTED_AMOUNT > 1)}步枪{?}步枪{\?}{.%} 交付给 {TARGET_SETTLEMENT}。,您未能按照 {QUEST_GIVER.LINK} 的要求及时将 {REQUESTED_AMOUNT} {.%}{?(REQUESTED_AMOUNT > 1)}步枪{?}步枪{\\?}{.%} 交付给 {TARGET_SETTLEMENT}。,restore conditional token
rpAeFiru,"You could change this law, my {?PLAYER.GENDER}lady{?}lord{\\?}. All of us would be grateful. and we're willing to donate {REWARD}{GOLD_ICON} to show our thanks...",你可以改变这条法律，我的{?PLAYER.GENDER}女士{?}领主{\?}。我们所有人都会感激不尽。我们愿意捐赠 {REWARD}{GOLD_ICON} 以表示感谢......,你可以改变这条法律，我的{?PLAYER.GENDER}女士{?}领主{\\?}。我们所有人都会感激不尽。我们愿意捐赠 {REWARD}{GOLD_ICON} 以表示感谢......,restore conditional token
apQbh0Sp,"My {?PLAYER.GENDER}lady{?}lord{\\?}, that would be very good. The artisans won't like it but hard-working merchants like me will be grateful to you.",我的{?PLAYER.GENDER}女士{?}领主{\?}，那就太好了。工匠们不会喜欢它，但像我这样勤劳的商人会感激你的。,我的{?PLAYER.GENDER}女士{?}领主{\\?}，那就太好了。工匠们不会喜欢它，但像我这样勤劳的商人会感激你的。,restore conditional token
mi2RZIty,"My {?PLAYER.GENDER}lady{?}lord{\\?}, we heard that you wish to issue a decree allowing the sale of foreign weapons. This will devastate the business of our smithies who have toiled for generations. Please reconsider this.",我的{?PLAYER.GENDER}女士{?}领主{\?}，我们听说您希望颁布一项允许出售外国武器的法令。这将毁掉我们几代人辛苦劳作的铁匠们的生意。请重新考虑这一点。,我的{?PLAYER.GENDER}女士{?}领主{\\?}，我们听说您希望颁布一项允许出售外国武器的法令。这将毁掉我们几代人辛苦劳作的铁匠们的生意。请重新考虑这一点。,restore conditional token
bys96mgQ,"That's your right, my {?PLAYER.GENDER}lady{?}lord{\\?}. But if you can't get the support of the artisans here when you next need it, well, don't say no one said anything.",这是你的权利，我的 {?PLAYER.GENDER}女士{?}领主{\?}。但是，如果您下次需要时无法获得这里工匠的支持，那么，请不要说没有人说什么。,这是你的权利，我的 {?PLAYER.GENDER}女士{?}领主{\\?}。但是，如果您下次需要时无法获得这里工匠的支持，那么，请不要说没有人说什么。,restore conditional token
XQvqkFkO,"My {?PLAYER.GENDER}lady{?}lord{\\?}, we have heard rumors that you have purchased foreign firearms from {QUEST_GIVER.NAME}.[ib:demure] Surely this cannot be true. Our laws require that only Japanese-made firearms may be bought or sold here.",我的{?PLAYER.GENDER}女士{?}领主{\?}，我们听说您从{QUEST_GIVER.NAME}.[ib:demure]购买了外国枪支，这当然不是真的。我们的法律规定，这里只能买卖日本制造的枪支。,我的{?PLAYER.GENDER}女士{?}领主{\\?}，我们听说您从{QUEST_GIVER.NAME}.[ib:demure]购买了外国枪支，这当然不是真的。我们的法律规定，这里只能买卖日本制造的枪支。,restore conditional token
JqjY2Kz1,"Perhaps, my {?PLAYER.GENDER}lady{?}lord{\\?}, it was a mistake? If you were to relinquish the goods, it would avoid a situation that might appear, well, a bit unseemly.",也许，我的{?PLAYER.GENDER}女士{?}领主{\?}，这是一个错误？如果你放弃货物，就可以避免出现可能看起来有点不体面的情况。,也许，我的{?PLAYER.GENDER}女士{?}领主{\\?}，这是一个错误？如果你放弃货物，就可以避免出现可能看起来有点不体面的情况。,restore conditional token
wXCkhAih,"A just decision, my {?PLAYER.GENDER}lady{?}lord{\\?}.",这是一个公正的决定，我的 {?PLAYER.GENDER}女士{?}领主{\?}。,这是一个公正的决定，我的 {?PLAYER.GENDER}女士{?}领主{\\?}。,restore conditional token
36fxek2x,"Respectfully, my {?PLAYER.GENDER}lady{?}lord{\\?}, I must protest this. But of course you are free to do what you will.",尊敬的，我的 {?PLAYER.GENDER}女士{?}领主{\?}，我必须对此表示抗议。但当然，你可以自由地做你想做的事。,尊敬的，我的 {?PLAYER.GENDER}女士{?}领主{\\?}，我必须对此表示抗议。但当然，你可以自由地做你想做的事。,restore conditional token
WO3YxOLJ,Thank you my {?PLAYER.GENDER}lady{?}lord{\\?}. I am sure your men will take care of the problem.,谢谢你，我的 {?PLAYER.GENDER}女士{?}领主{\?}。我相信你的人会解决这个问题的。,谢谢你，我的 {?PLAYER.GENDER}女士{?}领主{\\?}。我相信你的人会解决这个问题的。,restore conditional token
jBuerjt5,Yes... {QUEST_GIVER.LINK} sent word to us. We are expecting the {.%}{RIFLES}{.%} that {?QUEST_GIVER.GENDER}she{?}he{\\?} had.,是的... {QUEST_GIVER.LINK} 给我们发了消息。我们期待 {?QUEST_GIVER.GENDER}她{?}他{\?} 拥有的 {.%}{RIFLES}{.%} 。,是的... {QUEST_GIVER.LINK} 给我们发了消息。我们期待 {?QUEST_GIVER.GENDER}她{?}他{\\?} 拥有的 {.%}{RIFLES}{.%} 。,restore conditional token
xXSjHp5p,"You're doing a good thing, {?PLAYER.GENDER}madame{?}sir{\\?}. Our great cause will remember your kindness",你做得很好，{?PLAYER.GENDER}夫人{?}先生{\?}。我们伟大的事业会铭记您的恩情,你做得很好，{?PLAYER.GENDER}夫人{?}先生{\\?}。我们伟大的事业会铭记您的恩情,restore conditional token
t93lkmYo,Tsuge,隔断,柘植,historical terminology
RmvKSL4R,Kii-Kameyama Castle,基-龟山城,纪伊龟山城,historical terminology
d2r4B3vq,Tosaminato,托萨米尼德,十三湊,historical terminology
QWSAhV9G,Fukui Retainers,福井家臣,福井藩士,historical terminology
qVwe6PhM,Shogunate Retainers,幕府家臣,幕臣,historical terminology
HTqZfe96,Tosa Kinno-to,土佐金能藤,土佐勤王党,historical terminology
skZuhNKm,Kuwana Retainers,获得保留人,桑名藩士,historical terminology
DRRT6YSR,Satsuma Retainers,萨摩门臣,萨摩藩士,historical terminology
LvmXDnyd,Saga Retainers,佐贺家臣,佐贺藩士,historical terminology
kEoddDyL,Aizu Kotetsu-kai,会津甲铁会,会津小铁会,historical terminology
Aizqo4NM,Aizu Retainers,会津家臣,会津藩士,historical terminology
qFVVTsug,Jozai-han,定在藩,请西藩,historical terminology
bWjqvgLb,Nagaoka-han,名古藩,长冈藩,historical terminology
4c5OF6TQ,Obama-han,小浜藩,小滨藩,historical terminology
sWnHr5q5,Ouetsu Reppan Dōmei,奥越列番同名,奥羽越列藩同盟,historical terminology
1kGV1kZG,Ozu-han,小洲藩,大洲藩,historical terminology
SRtabgMr,Morioka Caravan Master,盛冈商队主人,盛冈商队首领,historical terminology
SRtabgHr,Hirosaki Caravan Master,弘前商队主人,弘前商队首领,historical terminology
SRTAbgHr,Akita Caravan Master,秋田商队大师,秋田商队首领,historical terminology
ShoAbgHr,Shonai Caravan Master,庄内商队主人,庄内商队首领,historical terminology
SenAbgHr,Sendai Caravan Master,仙台商队大师,仙台商队首领,historical terminology
YonAbgHr,Yonezawa Caravan Master,米泽商队主人,米泽商队首领,historical terminology
OzuAbgHr,Ozu Caravan Master,小洲商队大师,大洲商队首领,historical terminology
MatAbgHr,Matsuyama Caravan Master,松山商队大师,松山商队首领,historical terminology
UwaAbgHr,Uwajima Caravan Master,宇和岛商队主人,宇和岛商队首领,historical terminology
TokAbgHr,Tokushima Caravan Master,德岛商队主人,德岛商队首领,historical terminology
HikAbgHr,Hikone Caravan Master,彦根商队大师,彦根商队首领,historical terminology
KuwAbgHr,Kuwana Caravan Master,桑名商队队长,桑名商队首领,historical terminology
KisAbgHr,Kii Caravan Master,纪伊商队大师,纪伊商队首领,historical terminology
TsuAbgHr,Tsu Caravan Master,津商队大师,津商队首领,historical terminology
NaGAbgHr,Nagaoka Caravan Master,长冈商队主人,长冈商队首领,historical terminology
KAGAbgHr,Kaga Caravan Master,加贺商队大师,加贺商队首领,historical terminology
ObaAbgHr,Obama Caravan Master,小浜商队队长,小滨商队首领,historical terminology
OwaAbgHr,Owari Caravan Master,尾张商队主人,尾张商队首领,historical terminology
KmuAbgHr,Kurume Caravan Master,三月商队大师,久留米商队首领,historical terminology
KaMAbgHr,Kumamoto Caravan Master,熊本商队大师,熊本商队首领,historical terminology
HioAbgHr,Hitoyoshi Caravan Master,人吉商队主人,人吉商队首领,historical terminology
KoKAbgHr,Kokura Caravan Master,小仓商队大师,小仓商队首领,historical terminology
SagAbgHr,Saga Caravan Master,佐贺商队大师,佐贺商队首领,historical terminology
HirAbgHr,Hiroshima Caravan Master,广岛大篷车大师,广岛商队首领,historical terminology
TotAbgHr,Tottori Caravan Master,鸟取商队大师,鸟取商队首领,historical terminology
OkaYbgHr,Okayama Caravan Master,冈山商队主人,冈山商队首领,historical terminology
BosBaSho,Bakufu Shoinban,幕府書役,幕府书院番,historical terminology
BosBaDaG,Bakufu Daikyu Gokenin,幕府大筒护院,幕府大弓御家人,historical terminology
BosBaKos,Bakufu Koshogumi,幕府小将组,幕府小姓组,historical terminology
BosBaTeG,Bakufu Teppo Gokenin,幕府铁炮护院,幕府铁炮御家人,historical terminology
BosBaMiS,Bakufu Sogekitai,幕府草木隊,幕府狙击队,historical terminology
BosBayor,Bakufu Yoriki,幕府與力,幕府与力,historical terminology
BosChGNo,Choshu Noheitai,长州野平队,长州农兵队,historical terminology
BosChFuh,Choshu Fuheitai,长州风平队,长州步兵队,historical terminology
BosFuJut,Fukui Jutai,福井銃隊,福井铳队,historical terminology
BosNaJut,Nagaoka Jutai,长冈树太,长冈铳队,historical terminology
BosNaJus,Nagaoka Jushitai,长冈树脂队,长冈铳士队,historical terminology
BosOkSei,Okayama Seieitai,冈山,冈山精锐队,historical terminology
2eydhtcz,"Currently, {PRISONER_NAMES} {?IS_PLURAL}are{?}is{\\?} imprisoned here.",目前，{PRISONER_NAMES} {?IS_PLURAL}are{?}is{\?} 被囚禁在这里。,目前，{PRISONER_NAMES} {?IS_PLURAL}are{?}is{\\?} 被囚禁在这里。,restore conditional token
XN0XZAkI,I can't let you in. My {?SETTLEMENT_OWNER.GENDER}Lady{?}Lord{\\?} {SETTLEMENT_OWNER.NAME} would be furious.,我不能让你进来。我的 {?SETTLEMENT_OWNER.GENDER}Lady{?}Lord{\?} {SETTLEMENT_OWNER.NAME} 会生气的。,我不能让你进来。我的 {?SETTLEMENT_OWNER.GENDER}Lady{?}Lord{\\?} {SETTLEMENT_OWNER.NAME} 会生气的。,restore conditional token
XWpEpaQ4,"Of course, {?PLAYER.GENDER}madam{?}sir{\\?}. Go in.",当然，{?PLAYER.GENDER}女士{?}先生{\?}。进去吧。,当然，{?PLAYER.GENDER}女士{?}先生{\\?}。进去吧。,restore conditional token
fCrVeHP3,"Ah! I was looking for this all day. How good of you to bring it back {?PLAYER.GENDER}madam{?}sir{\\?}. Well, now that I know what an honest {?PLAYER.GENDER}lady{?}man{\\?} you are, there can be no harm in letting you inside for a look. Go in.... Just so you know, though -- I'll be hanging onto the keys, in case you were thinking about undoing anyone's chains.",啊!我一整天都在找这个。你把它带回来真是太好了{?PLAYER.GENDER}女士{?}先生{\?}。好吧，现在我知道你是一个多么诚实的{?PLAYER.GENDER}女士{?}男子{\?}，让你进去看看也没什么坏处。进去……不过，让你知道——我会抓住钥匙，以防你想解开任何人的锁链。,啊!我一整天都在找这个。你把它带回来真是太好了{?PLAYER.GENDER}女士{?}先生{\\?}。好吧，现在我知道你是一个多么诚实的{?PLAYER.GENDER}女士{?}男子{\\?}，让你进去看看也没什么坏处。进去……不过，让你知道——我会抓住钥匙，以防你想解开任何人的锁链。,restore conditional token
bbroVUrD,"Of course, my {?PLAYER.GENDER}lady{?}lord{\\?}.",当然，我的{?PLAYER.GENDER}女士{?}领主{\?}。,当然，我的{?PLAYER.GENDER}女士{?}领主{\\?}。,restore conditional token
xufs0Oon,"You have heard of the Zokuron-ha, no doubt. Men who no longer serve our lord, but instead interpret his will until it no longer resembles his own. It is a quieter coup than steel in the night, but no less real.{newline}{newline}Chōshū cannot afford to be governed by shadows wearing official seals. So I have begun what some will call an uprising, but is in truth an attempt to save our lord.{newline}{newline}I am not here to beg you, {PLAYER.NAME}. I am here because {?PLAYER.GENDER}women{?}men{\\?} like you do not stand safely on the fence forever. You either act while there is still something worth acting for... or you watch it rot past saving.[if:grave][ib:warrior]",毫无疑问，你听说过 Zokuron-ha。这些人不再侍奉我们的主，而是解释他的意志，直到它不再像他自己的意志。这是比夜里的钢铁更安静的政变，但同样真实。{newline}{newline}长州不能被戴着官方印章的阴影所统治。所以我开始了一些人所说的起义，但实际上是为了拯救我们的领主。{newline}{newline}我不是来这里求你的，{PLAYER.NAME}。我来这里是因为 {?PLAYER.GENDER}women{?}men{\?} 像你一样不会永远安全地站在栅栏上。你要么在仍有值得为之行动的事情时行动……要么眼睁睁地看着它腐烂而无法挽救。[if:grave][ib:warrior],毫无疑问，你听说过 Zokuron-ha。这些人不再侍奉我们的主，而是解释他的意志，直到它不再像他自己的意志。这是比夜里的钢铁更安静的政变，但同样真实。{newline}{newline}长州不能被戴着官方印章的阴影所统治。所以我开始了一些人所说的起义，但实际上是为了拯救我们的领主。{newline}{newline}我不是来这里求你的，{PLAYER.NAME}。我来这里是因为 {?PLAYER.GENDER}women{?}men{\\?} 像你一样不会永远安全地站在栅栏上。你要么在仍有值得为之行动的事情时行动……要么眼睁睁地看着它腐烂而无法挽救。[if:grave][ib:warrior],restore conditional token
Jyfkahka,{VALUE} ({?POSITIVE}+{?}{\\?}{DELTA_VALUE}),{VALUE} ({?POSITIVE}+{?}{\?}{DELTA_VALUE}),{VALUE} ({?POSITIVE}+{?}{\\?}{DELTA_VALUE}),restore conditional token
