source_file,element_tag,object_id,field,source,visibility_class,status,match_method,match_score,cn_id,cn_file,current_cn
ModuleData/CharacterTroops/bandits.xslt,attribute,,name,name,technical_or_transform,uncovered_candidate,,,,,
ModuleData/Items/guns.xml,Item,ozutsu_siege_ammo,name,Ozutsu Ammo,likely_user_facing,covered,synthetic_object_text,1.000,BakumatsuModels_ozutsu_siege_ammo_OzutsuAmmo_57e0,guns.xml,大筒弹药
ModuleData/Items/modern_guns.xml,Item,imp_d_cartridges_pistol,name,Pistol Cartridges,likely_user_facing,covered,synthetic_object_text,0.981,BakumatsuModels_imp_d_cartridges_pistol_PistolCartridge_9a74,modern_guns.xml,手枪弹药筒
ModuleData/bak_action_types.xml,action,,name,act_austria_ready_pistol,technical_or_internal,uncovered_candidate,,,,,
ModuleData/bak_action_types.xml,action,,name,act_austria_ready_pistol_continue,technical_or_internal,uncovered_candidate,,,,,
ModuleData/bak_action_types.xml,action,,name,act_austria_release_pistol,technical_or_internal,uncovered_candidate,,,,,
ModuleData/bak_action_types.xml,action,,name,act_reload_breechloader,technical_or_internal,uncovered_candidate,,,,,
ModuleData/bak_action_types.xml,action,,name,act_reload_breechloader_continue,technical_or_internal,uncovered_candidate,,,,,
ModuleData/bak_action_types.xml,action,,name,act_austria_reload_pistol,technical_or_internal,uncovered_candidate,,,,,
ModuleData/bak_action_types.xml,action,,name,act_austria_reload_pistol_continue,technical_or_internal,uncovered_candidate,,,,,
ModuleData/bak_action_types.xml,action,,name,act_quick_release_overswing_musket,technical_or_internal,uncovered_candidate,,,,,
ModuleData/bak_action_types.xml,action,,name,act_release_overswing_musket,technical_or_internal,uncovered_candidate,,,,,
ModuleData/bak_action_types.xml,action,,name,act_quick_release_thrust_musket,technical_or_internal,uncovered_candidate,,,,,
ModuleData/bak_action_types.xml,action,,name,act_release_thrust_musket,technical_or_internal,uncovered_candidate,,,,,
ModuleData/bak_item_usage_sets.xml,flag,,name,requires_no_shield,technical_or_internal,uncovered_candidate,,,,,
ModuleData/crafting_pieces.xml,Flag,,name,Civilian,technical_or_internal,uncovered_candidate,,,,,
ModuleData/module_strings.xml,string,NaMPa4ML,text,Loyalty,likely_user_facing,covered,synthetic_object_text,1.000,BakumatsuModels_NaMPa4ML_Loyalty_a182,module_strings.xml,忠诚
ModuleData/module_strings.xml,string,hR6Zo6pD,text,Reformer,likely_user_facing,covered,synthetic_object_text,1.000,BakumatsuModels_hR6Zo6pD_Reformer_e0f9,module_strings.xml,改革派
ModuleData/module_strings.xml,string,HMFb1gaq,text,Foreign Influence,likely_user_facing,covered,synthetic_object_text,0.981,BakumatsuModels_HMFb1gaq_ForeignInfluenc_bdb1,module_strings.xml,外国影响
ModuleData/module_strings.xml,string,bo8sZ7gY,text,20% more tax income from towns connected to ports owned by Saga leaders.,likely_user_facing,covered,synthetic_object_text,0.831,BakumatsuModels_bo8sZ7gY_20moretaxincome_4f58,module_strings.xml,与佐贺领导人拥有的港口相连的城镇的税收收入增加 20%。
ModuleData/settlements.xslt,attribute,,name,name,technical_or_transform,uncovered_candidate,,,,,
ModuleData/settlements.xslt,attribute,,name,prosperity,technical_or_transform,uncovered_candidate,,,,,
ModuleData/settlements.xslt,attribute,,name,hearth,technical_or_transform,uncovered_candidate,,,,,
ModuleData/settlements.xslt,attribute,,name,owner,technical_or_transform,uncovered_candidate,,,,,
ModuleData/settlements.xslt,attribute,,name,culture,technical_or_transform,uncovered_candidate,,,,,
ModuleData/skins.xslt,hair_mesh,,name,bak_chonmage,technical_or_transform,uncovered_candidate,,,,,
ModuleData/skins.xslt,style_tag,,name,Chonmage,technical_or_transform,uncovered_candidate,,,,,
ModuleData/skins.xslt,hair_mesh,,name,bak_chonmage_2,technical_or_transform,uncovered_candidate,,,,,
ModuleData/skins.xslt,hair_mesh,,name,bak_hondamage,technical_or_transform,uncovered_candidate,,,,,
ModuleData/skins.xslt,style_tag,,name,Hondamage,technical_or_transform,uncovered_candidate,,,,,
ModuleData/skins.xslt,hair_mesh,,name,bak_hondamage_2,technical_or_transform,uncovered_candidate,,,,,
ModuleData/skins.xslt,hair_mesh,,name,bak_sakayaki,technical_or_transform,uncovered_candidate,,,,,
ModuleData/skins.xslt,style_tag,,name,Sakayaki,technical_or_transform,uncovered_candidate,,,,,
ModuleData/skins.xslt,hair_mesh,,name,bak_shimada,technical_or_transform,uncovered_candidate,,,,,
ModuleData/skins.xslt,style_tag,,name,Shimada,technical_or_transform,uncovered_candidate,,,,,
ModuleData/skins.xslt,hair_mesh,,name,taka_shimada,technical_or_transform,uncovered_candidate,,,,,
ModuleData/skins.xslt,style_tag,,name,Taka Shimada,technical_or_transform,uncovered_candidate,,,,,
