file,id,source_variants,old_cn,new_cn,reason
ModuleData/Languages/CNs/bak_strings.xml,iDHwU4Af,Daimyo (Feudal Lord),大名（封建领主）,大名（大名）,source-guarded terminology: 封建领主->大名
ModuleData/Languages/CNs/bak_strings.xml,X1Y2Z3A4,Owari Kan-ryu,尾张勘流,尾张贯流,historical exact-name normalization
ModuleData/Languages/CNs/bak_strings.xml,REFS21al,"Change did not come to Japan all at once. From the opening of the country in 1853 to the Boshin War in 1868 and the Meiji period that followed, Japanese society underwent massive, but gradual, social, military, and economic reforms. Due to this, when the reform mechanic is enabled, not all troops are available from the start. Instead, better modern troops will gradually be unlocked over time either as the years pass or as the player's kingdom passes policies.",日本的变化并不是一下子就发生的。从 1853 年开国到 1868 年戊辰战争以及随后的明治时期，日本社会经历了大规模但渐进的社会、军事和经济改革。因此，当改革机制启用时，并非所有部队从一开始就可用。相反，随着时间的推移或随着玩家藩国通过政策，更好的现代军队将逐渐解锁。,日本的变革并非一蹴而就。自1853年开国、1868年戊辰战争，再到其后的明治时期，日本社会在社会、军事与经济领域经历了规模巨大但循序渐进的改革。因此，启用改革机制后，并非所有兵种从开局即可使用；随着年代推进，或玩家所属势力通过相应政策，更先进的近代化兵种将逐步解锁。,curated historical/style rewrite
ModuleData/Languages/CNs/bak_strings.xml,uzonvUWW,"At the start of 1865, the Shogunate began a dedicated push to modernize their military. Beforehand, they had created the Sampeitai, or 'Three-Arms Corps', but that had been an unmitigated disaster. Prompted by the Kinmon Incident and Choshu's own civil war, the Shogunate's new reforms, forming units based on Samurai social rankings, ended in failure just as their previous ones had, but it started off the era of massive military reforms in Japan, which had been before isolated to a few small domains. These reforms unlock the Hoheitai and most of their equivalents, alongside units of unique organizations like the Mimawari-gumi and Shinsengumi.{newline}{newline}If using policy based reforms, these troops are unlocked with the Western Drill policy instead.",1865 年初，幕府开始全力推动军队现代化。此前，他们曾创建过“三兵队”，但那是一场彻头彻尾的灾难。在金门事变和长州内战的推动下，幕府按照武士阶层划分编制的新改革，和之前一样以失败告终，却开启了日本大规模军事改革的时代——此前这种改革还局限于少数小藩。这些改革解锁了步兵队及其大多数同类部队，以及见回组、新选组等独特组织的部队。{newline}{newline}如果使用基于政策的改革，这些部队将通过“西式操典”政策解锁。,1865年初，幕府开始有计划地推进军制近代化。此前设立的“三兵队”并未取得成功。禁门之变与长州内部的武装冲突进一步暴露了旧军制的问题；幕府随后尝试依武士身分等级重新编组部队，结果仍不理想，却由此开启了此后席卷日本的大规模军事改革。此前，这类改革主要只见于少数藩。此阶段将解锁步兵队及其多数同类兵种，也包括见回组、新选组等特殊组织的部队。{newline}{newline}若启用政策制改革，则这些兵种改由“西式操练”政策解锁。,curated historical/style rewrite
ModuleData/Languages/CNs/bak_strings.xml,sgDswQVO,"In 1866, something thought unthinkable occurred: the Shogunate lost a war against Choshu. The Second Choshu Expedition had been intended to remind Japan of the Bakufu's strength, and to deal with the rebellious domain once and for all. Instead, the 150,000 strong army of the Shogunate was routed by the 4000 men of Choshu and their modern rifles, losing thousands of men and inflicting only a few hundred casualties in return. With this failure, and the ascension of Tokugawa Yoshinobu as Shogun, Japan entered a furor of reform. Yoshinobu himself worked to reform the Bakufu army, establishing the Hoheitai, Yugekitai, and Denshutai, while many other domains were incentivized to adopt proper modernized infantry.{newline}{newline}If using policy based reforms, these troops are mostly unlocked with the Standard Uniforms policy instead.",1866 年，发生了一件难以想象的事情：幕府在与长州的战争中战败。第二次长州征讨原本是为了让日本重新认识幕府的实力，并一劳永逸地解决这个叛乱藩。然而，结果却是：15 万人的幕府大军被长州的 4000 名士兵及其现代步枪击溃，幕府损失数千人，而仅造成对方数百人伤亡。随着这次失败，以及德川庆喜继任将军，日本掀起了改革热潮。德川庆喜亲自着手改革幕府军，建立步兵队、游击队和传习队，同时许多其他藩也开始采用真正现代化的步兵。{newline}{newline}如果使用基于政策的改革，这些部队大多将通过“标准制服”政策解锁。,1866年，幕府遭遇了此前难以想象的失败：第二次长州征讨本意在于重申幕府权威并彻底压服长州，结果十五万幕府军却被约四千名装备近代步枪的长州军击溃，幕府损失数千人，而对方伤亡仅数百。战败之后，德川庆喜又继任将军，日本由此进入军制改革的高潮。庆喜着手整顿幕府军，编成步兵队、游击队与传习队；其他各藩也受到刺激，开始建立真正意义上的近代步兵。{newline}{newline}若启用政策制改革，则这些兵种主要由“统一军服”政策解锁。,curated historical/style rewrite
ModuleData/Languages/CNs/bak_strings.xml,LQZzQOJr,Meiji Reforms (1867),明治维新 (1867),明治改革（1867）,curated historical/style rewrite
ModuleData/Languages/CNs/bak_strings.xml,tkAa93qw,"Emperor Komei had opposed the entirety of the outside world, advocating fiercely for Sonno-joi. However, his son was not so inflexible. Following Komei's death of smallpox in early 1867, the teenaged emperor and his advisors began a series of reforms of their own, establishing the new Imperial guard, while other pro-Imperial forces, such as the Jinshotai of Tosa, began coalescing into a modern army of their own. At the same time, Choshu began reforming their remaining Shotai militias into proper units of their own, in preparation for the turmoil everone knew was coming.{newline}{newline}If using policy based reforms, these troops are unlocked with the Standard Uniforms or Officer Academies policies instead.",孝明天皇曾极力反对整个外部世界，强烈主张尊王攘夷。然而，他的儿子并没有那么固执。1867 年初孝明天皇因天花去世后，这位十几岁的新天皇与顾问开始进行一系列改革，建立新的皇军近卫部队；与此同时，土佐的迅冲队等亲皇势力也开始整合为自己的现代军队。长州则开始将剩余的诸队民兵改编为正规的部队，为所有人都知道即将到来的动荡做准备。{newline}{newline}如果使用基于政策的改革，这些部队将通过“标准制服”或“军官学校”政策解锁。,孝明天皇强烈排斥外国势力，并支持尊王攘夷。然而，他的继承者并没有如此固执。1867年初孝明天皇因天花去世后，年少的新天皇及其近臣也开始推行改革，组建新的朝廷近卫部队；与此同时，土佐迅冲队等尊王派武装逐渐汇合为一支近代军队。长州也开始把残余的诸队民兵改编为正规部队，为所有人都已预感到的动乱做准备。{newline}{newline}若启用政策制改革，则这些兵种由“统一军服”或“军官学校”政策解锁。,curated historical/style rewrite
ModuleData/Languages/CNs/bak_strings.xml,aEbjnf41,Boshin War Reforms (1868),戊辰战争改革 (1868),戊辰战争改革（1868）,curated historical/style rewrite
ModuleData/Languages/CNs/bak_strings.xml,uKN9qS6E,"Even as Japan reformed around them, many of the northernmost domains, as well as a few in Kansai, remained stagnant. The foolishness of this policy became apparent when the Boshin War broke out in early 1868, as the samurai of these domains suffered catastrophic defeats at the hands of peasants armed with modern rifles. These domains, most notable including Kubota on the Imperial side and Sendai on the Shogunate side, began to rapidly reorganize in an attempt to stave off defeat from those invading their domains.{newline}{newline}If using policy based reforms, these troops are unlocked with the Standard Uniforms or Western Drill policies instead.",即使日本围绕这些地区进行改革，许多最北边的藩以及关西的一些藩仍然停滞不前。 1868 年初戊辰战争爆发时，这一政策的愚蠢性就显现出来了，这些藩的武士在装备现代步枪的农民手中遭受了灾难性的失败。这些藩，最著名的是帝国一方的久保田和幕府一方的仙台，开始迅速重组，试图避免入侵者的失败。{newline}{newline}如果使用基于政策的改革，这些部队将通过标准制服或西方演习政策来解锁。,当日本各地陆续改革时，北方许多藩以及关西少数藩仍停滞不前。1868年初戊辰战争爆发后，这种选择的代价迅速显现：旧式武士部队在装备近代步枪的农兵面前遭到惨败。以官军一方的久保田藩和幕府一方的仙台藩为代表，这些藩不得不仓促重组军队，以求抵御进入本藩领地的敌军。{newline}{newline}若启用政策制改革，则这些兵种由“统一军服”或“西式操练”政策解锁。,curated historical/style rewrite
ModuleData/Languages/CNs/bak_strings.xml,9v5f6eq6,Shishin Taisei Reforms (1868),四神队改革（1868）,四神体制改革（1868）,curated historical/style rewrite
ModuleData/Languages/CNs/bak_strings.xml,BWWqeWJi,"While in essence the same as the {BOSHIN_REFORMS_LINK} in their timing and reasoning, Aizu domain took a rather unique approach to reforming their military. Still unwilling to allow peasants in their military, Aizu instead implemented their 4 Gods Organization, classifying the samurai of their domain into one of four units, based on age. The Byakkotai were the youngest, made up of 16-17 year olds, followed by the Suzakutai (18-35), Seiryutai (36-49), and the Genbutai (50+), alongside a number of volunteer units that sprung up across the domain. Ultimately, however, these units were not enough to stave off the invasion of their domain and brutal siege of their castle.{newline}{newline}If using policy based reforms, these troops are unlocked with the Western Drill policy instead.",虽然在时机和原因上与 {BOSHIN_REFORMS_LINK} 基本相同，会津藩却采取了相当独特的军制改革方式。会津仍然不愿让农民加入军队，于是实行“四神队”组织，按照年龄将藩士分为四支部队。白虎队年龄最小，由 16—17 岁的少年组成；其后依次为朱雀队（18—35 岁）、青龙队（36—49 岁）和玄武队（50 岁以上），此外藩内还出现了许多志愿部队。然而最终，这些部队仍不足以阻止入侵会津藩以及对其城堡的残酷围攻。{newline}{newline}如果使用基于政策的改革，这些部队将通过“西式操典”政策解锁。,会津藩的改革在时间和动因上与{BOSHIN_REFORMS_LINK}大体相同，但其军制重组采取了相当独特的方式。会津仍不愿让农民进入军队，于是按年龄把藩内武士编入“四神”诸队：最年轻的白虎队由16至17岁者组成，其后依次为朱雀队（18至35岁）、青龙队（36至49岁）与玄武队（50岁以上），此外还有遍布全藩的多支志愿部队。最终，这套编制仍不足以阻止敌军入侵，也未能避免若松城遭到惨烈围攻。{newline}{newline}若启用政策制改革，则这些兵种由“西式操练”政策解锁。,curated historical/style rewrite
ModuleData/Languages/CNs/bak_strings.xml,CR3jonLR,"Kishu domain, ruled by the Kishu Tokugawa, one of the Gosanke, or 'Three Noble Houses', of the Tokugawa Shogunate, reformed far later than most of Japan. Rather than taking inspiration from Britain or France like the rest of Japan, Kishu instead built their army along the Prussian model, implementing a conscript system that required a few years in active duty, then a few in the reserves, followed by service in the militia. However, these reforms occurred after the Boshin War, and ultimately came to naught as the Bakuhan system was dissolved and the private armies of the daimyo were folded into the new Imperial army.{newline}{newline}If using policy based reforms, these troops are unlocked with the Implement Conscription policy instead.",纪州藩由德川幕府“御三家”之一的纪州德川统治，其改革远远晚于日本大部分地区。纪州没有像日本其他地区那样从英国或法国汲取灵感，而是按照普鲁士模式建立了军队，实行义务兵制度，要求服几年现役，然后在预备役服役几年，最后在民兵中服役。然而，这些改革发生在戊辰战争之后，最终随着藩兵制度的解散和大名私人军队并入新的帝国军队而化为泡影。{newline}{newline}如果使用基于政策的改革，这些军队将通过实施征兵政策来解锁。,纪州藩由德川御三家之一的纪州德川家统治，其军制改革比日本多数地区都来得更晚。与多以英国或法国为范本的诸藩不同，纪州选择仿效普鲁士军制，实行征兵制度：服若干年现役，随后转入预备役，最后编入民兵。然而，这些改革发生在戊辰战争之后；随着幕藩体制解体，大名私军最终并入新的官军体系，纪州的改革也未能继续发展。{newline}{newline}若启用政策制改革，则这些兵种由“实施征兵制”政策解锁。,curated historical/style rewrite
ModuleData/Languages/CNs/bak_strings.xml,ON8mqnxs,Meiji Restoration Reforms (1870),明治维新改革（1870年）,明治维新改革（1870）,curated historical/style rewrite
ModuleData/Languages/CNs/bak_strings.xml,4iDrvn26,"A small, final reform, this represents the units that were formed in the Meiji era, such as the Battotai or marines, that were added to the mod. While the time these units were created is somewhat outside the scope of the mod, and took place after these reforms actually happen, they were added into the game to fill their specific niches.{newline}{newline}If using policy based reforms, these troops are unlocked with the Implement Conscription policy instead.",这是一项小型的最终改革，代表了明治时代组建的单位，例如 拔刀隊 或海军陆战队，已添加到 mod 中。虽然这些单位的创建时间在某种程度上超出了模组的范围，并且发生在这些改革实际发生之后，但它们被添加到游戏中以填补其特定的空白。{newline}{newline}如果使用基于政策的改革，这些部队将通过实施征兵政策来解锁。,这是最后一轮规模较小的改革，用来表现本模组加入的明治时期部队，例如拔刀队与海军陆战队。严格来说，这些部队的出现时间已经略超出模组主要年代范围，而且部分单位实际形成得更晚；之所以仍加入游戏，是为了补足相应的战术定位。{newline}{newline}若启用政策制改革，则这些兵种由“实施征兵制”政策解锁。,curated historical/style rewrite
ModuleData/Languages/CNs/bak_strings.xml,lXePKasd,Social Castes,社会阶层,社会身分,curated historical/style rewrite
ModuleData/Languages/CNs/bak_strings.xml,9NAB4L1k,"The Caste Mechanic is an optional mechanic added in Bakumatsu to reflect the caste system of Edo period Japan. This caste system, put into place at the founding of the Tokugawa Shogunate, reflected the Tokugawa clan's deep paranoia and fear of being replaced. Due to this, it is often more of a restriction than a boon, and is not recommended if you want to enjoy a simple, easy playthrough.",种姓机制是幕末添加的可选机制，以反映日本江户时代的身份制度。这种身份制度是德川幕府成立时实行的，反映了德川家族深深的偏执和对被取代的恐惧。因此，它通常是一种限制，而不是一种好处，如果您想享受简单、轻松的游戏体验，则不推荐这样做。,身分机制是《Bakumatsu》加入的可选规则，用于表现江户时代的身分秩序。游戏将这种秩序理解为德川幕府建立统治后，为维持既有政治结构而形成的一系列限制。因此，它带来的约束通常多于收益；如果只想进行较轻松、直接的游戏流程，可以关闭这一机制。,curated historical/style rewrite
ModuleData/Languages/CNs/bak_strings.xml,4zs9V9yN,Eta-Hinin,非人,秽多·非人,curated historical/style rewrite
ModuleData/Languages/CNs/bak_strings.xml,J84QToW3,"Used in the late Edo period to refer to western foreigners, Gaikokujin were not a part of the caste system. However, after Japan was opened up, many of the restrictions upon them were forcibly lifted, and western tourists and merchants flooded the country. Many of the most successful of them, mainly arms dealers, gained a status comparable to that of the samurai, and were even given Japanese names and crests of their own.{newline}{newline}Pros: None{newline}{newline}Resistrictions: Cannot Play ||  Social Castes",幕末时期用于指称西方外国人的称呼，但并不属于阶级制度。然而，日本开放后，许多限制被强行取消，西方游客和商人涌入日本。其中许多最成功的人，主要是军火商，获得了与武士相当的地位，甚至被赋予了自己的日本名字和徽章。{newline}{newline}优点：无{newline}{newline}限制：无法玩,幕末开国以后，在日西方人并不属于日本原有的身分制度。随着通商口岸开放和条约体系建立，外国旅行者、商人与技术人员大量进入日本；其中一些成功的商人，尤其是军火商，与各藩和幕府建立了密切关系，取得了相当优越的社会地位，个别人甚至获赐日本名号或家纹。{newline}{newline}优点：无{newline}{newline}限制：不可作为玩家初始身分,curated historical/style rewrite
ModuleData/Languages/CNs/bak_strings.xml,U37Ef6rB,"To the merchants and businessmen of the outside world, the newly opened Japan was a goldmine. The price of gold and silver was cheaper than the rest of the world, and there was a huge market for outside products: most notably, firearms. Numerous arms dealers flocked to the archipelago, selling guns, uniforms, {FIELD_ARTILLERY_LINK}, and expertise in exchange for money and privileges. Found by walking around the keeps of any town, foreign merchants sell modern guns, artillery, and uniforms to the player. These wares each merchant offers differ by ethnicity. While all offer uniforms and antique flintlocks, British merchants offer the versatility of the many variants of the Enfield and Snider-Enfield rifles, alongside the best cannons, French merchants offer high quality rifles and cheap and light artillery, German merchants sell cheaper rifles, and American merchants sell all things repeating: revolvers, repeating rifles, and gatling guns.",对于外界的商人来说，新开放的日本就是一座金矿。黄金和白银的价格比世界其他地方便宜，而且外部产品有巨大的市场：最引人注目的是枪支。众多军火商涌入群岛，出售枪支、制服、{FIELD_ARTILLERY_LINK} 和专业知识，以换取金钱和特权。在任何城镇的要塞中行走时都会发现外国商人向玩家出售现代枪支、火炮和制服。每个商人提供的这些商品因种族而异。虽然所有商家都提供制服和古董燧发枪，但英国商人提供多种用途的恩菲尔德和斯奈德-恩菲尔德步枪以及最好的火炮，法国商人提供高质量的步枪和廉价轻型火炮，德国商人出售更便宜的步枪，美国商人出售所有重复的东西：左轮手枪、连发步枪和加特林机枪。,对海外商人而言，开国后的日本意味着巨大的新市场。金银比价与海外不同，而日本又急需大量舶来品，其中最重要的便是近代枪械。各国军火商纷纷来到日本，以枪支、军服、{FIELD_ARTILLERY_LINK}和军事技术换取金钱与特权。玩家可以在各城镇主堡中找到外国商人，购买近代枪械、火炮和军服；不同国籍商人的商品各有侧重。英国商人提供多种恩菲尔德与斯奈德—恩菲尔德步枪以及性能优良的火炮；法国商人出售优质步枪和较轻便廉价的火炮；德国商人以价格较低的步枪为主；美国商人则偏重转轮手枪、连发步枪和加特林机枪等连发武器。,curated historical/style rewrite
ModuleData/Languages/CNs/bak_strings.xml,FnYVK1yy,"Cannons weren't just used to siege fortresses anymore in the 19th century. Every modern military would field a battery of artillery, and heavy guns were worth their weight in gold in Bakumatsu era Japan. Pieces of field artillery can be purchased from {FOREIGN_MERCHANTS_LINK}, but are very expensive and very heavy, meaning that too many cannons will bankrupt even an endgame player and slow the party's progress to a crawl. To use these pieces in battle, you must have artillerist troops, marked by a cannon icon on their unit. You can only have 1 artillerist for every 10 men in your army, and can deploy a number of pieces equal to half your artillerists. These guns also start in your reserves when you start a siege, and will not be lost even if the deployed versions are destroyed.{newline}{newline}Artillery can be deployed while pressing K during the deployment phase",19 世纪，火炮不再仅仅用于围攻堡垒。每一支现代军队都会配备一组火炮，而在幕末时代的日本，重型火炮的价值相当于黄金。野战火炮可以从 {FOREIGN_MERCHANTS_LINK} 购买，但非常昂贵且非常重，这意味着太多的火炮甚至会导致游戏结束时的玩家破产，并减慢队伍的进度。要在战斗中使用这些部件，您必须拥有炮兵部队，其部队上标有火炮图标。你的军队中每 10 人只能拥有 1 名炮兵，并且可以部署相当于你的炮兵一半的数量。当你开始攻城时，这些火炮也会在你的储备中开始，即使部署的版本被摧毁也不会丢失。{newline}{newline}在部署阶段按K键可以部署火炮,到了19世纪，火炮早已不只用于攻城。任何近代军队都会编制炮兵，而在幕末日本，重炮更是价值极高的军备。玩家可以从{FOREIGN_MERCHANTS_LINK}处购买野战炮，但其价格昂贵、重量也很大；携带过多火炮不仅会耗尽资金，还会严重拖慢队伍。战斗中使用火炮需要炮兵单位，其兵种图标带有火炮标记。军队中每10人最多配置1名炮兵，可部署的火炮数量最多为炮兵人数的一半。攻城开始时，火炮会从预备队中部署；即使战场上的炮位被摧毁，也不会永久损失对应装备。{newline}{newline}部署阶段按K键可布置火炮。,curated historical/style rewrite
ModuleData/Languages/CNs/bak_strings.xml,C66WEwA2,"When using {FIELD_ARTILLERY_LINK}, each type of cannon has a default ammunition type, and a handful of special ammunition types. For example, the La Hitte Mountain Gun can shoot shells, round shot, or canister shot. For you or members of your party to be able to use specialized ammo in battle, the overall commander of your side in the battle must have the 'Stonecutters' or 'Siege Engineer' perk.{newline}{newline}You can switch ammo by hitting P before reloading the artillery in battle.",当使用 {FIELD_ARTILLERY_LINK} 时，每种类型的火炮都有一个默认的弹药类型和一些特殊的弹药类型。例如，拉希特山炮可以发射炮弹、圆弹或罐弹。为了让你或你的队伍成员能够在战斗中使用专用弹药，你方在战斗中的总指挥官必须拥有“石匠”或“攻城工程师”特权。{newline}{newline}你可以在战斗中重新装填火炮之前按 P 来切换弹药。,使用{FIELD_ARTILLERY_LINK}时，每种火炮都有默认弹药，并可能使用若干特殊弹种。例如拉希特山炮可以发射榴弹、实心弹或霰弹。若要让玩家或队伍成员在战斗中使用特殊弹药，本方总指挥必须拥有“石匠”或“攻城工程师”相关技能。{newline}{newline}战斗中，在火炮重新装填前按P键可以切换弹种。,curated historical/style rewrite
ModuleData/Languages/CNs/bak_strings.xml,BaTratCT,Foreign Influence,外国影响,西洋影响,historical exact-name normalization
ModuleData/Languages/CNs/bak_strings.xml,HMFb1gaq,Foreign Influence,外国影响,西洋影响,historical exact-name normalization
ModuleData/Languages/CNs/bak_strings.xml,8FARrN5C,"Kansai is the centermost region of Japan, and the origin of most strife in the Bakumatsu. Here sonno-joi radicals and shogunate loyalists clash in the streets of Kyoto and in the court of the Emperor. From here arose Tokugawa Iemochi, the current Shogun, and Ii Naosuke, the Tairo who dominated the Bakufu throughout the period until his assassination in 1860. The domains of Kansai were once some of the strongest for the Shogun, but many are being pushed away by their political rivals, forcing them into joining the Imperial cause.",关西是日本的最中心地区，也是幕末冲突最多的发源地。在这里，尊王攘夷的激进分子和幕府的忠诚者在京都的街道和天皇的宫廷中发生冲突。从这里诞生了现任幕府将军德川家茂，以及在整个幕府时期一直统治幕府直至 1860 年被暗杀的井伊直弼。关西地区曾经是幕府将军最强大的藩之一，但许多藩都被政治对手排挤，迫使他们加入帝国事业。,关西是日本的最中心地区，也是幕末冲突最多的发源地。在这里，尊王攘夷的激进分子和幕府的忠诚者在京都的街道和天皇的宫廷中发生冲突。从这里诞生了现任幕府德川家茂，以及在整个幕府时期一直统治幕府直至 1860 年被暗杀的井伊直弼。关西地区曾经是幕府最强大的藩之一，但许多藩都被政治对手排挤，迫使他们加入帝国事业。,source-guarded terminology: 幕府将军->幕府
ModuleData/Languages/CNs/bak_strings.xml,u7PBQjoy,Tozama,户座间,外样,historical exact-name normalization
ModuleData/Languages/CNs/bak_strings.xml,OJR7iyKD,Ozu,小津,大洲,historical exact-name normalization
ModuleData/Languages/CNs/bak_strings.xml,Da97CTok,"Tokushima Domain, despite their strong connections to the Shogunate, remained neutral during the Bakumatsu. Instead of supporting the Shogun or Emperor, they advocated for the kōbu gattai movement, which proposed the unification of the Imperial court and Shogunate against the western powers. Even so, many Tokushima samurai were rather radically pro-Imperial.",德岛藩尽管与幕府关系密切，但在幕末时期保持中立。他们不支持幕府将军或天皇，而是提倡“古武合体”运动，该运动提出统一朝廷和幕府以对抗西方列强。即便如此，许多德岛武士仍然相当激进地支持帝国。,德岛藩尽管与幕府关系密切，但在幕末时期保持中立。他们不支持幕府或天皇，而是提倡“古武合体”运动，该运动提出统一朝廷和幕府以对抗西方列强。即便如此，许多德岛武士仍然相当激进地支持帝国。,source-guarded terminology: 幕府将军->幕府
ModuleData/Languages/CNs/bak_strings.xml,Oba7iyKD,Obama,小浜,小滨,historical exact-name normalization
ModuleData/Languages/CNs/bak_strings.xml,K6sg7Joz,Jozai,定在,请西,historical exact-name normalization
ModuleData/Languages/CNs/bak_strings.xml,y6BfVJoz,"A fairly new and small domain, Jozai is highly loyal to the Shogunate. They would fight throughout the entire war, only surrendering upon hearing that the Shogun would keep a fief after the war. Jozai was one of only two domains to be stripped of their holdings during the Boshin war.",城宰是一个相当新的小藩，对幕府高度忠诚。他们将在整个战争中战斗，只有在听说幕府将军将在战后保留封地时才投降。定西是戊辰战争期间仅有的两个被剥夺财产的藩之一。,城宰是一个相当新的小藩，对幕府高度忠诚。他们将在整个战争中战斗，只有在听说幕府将在战后保留封地时才投降。定西是戊辰战争期间仅有的两个被剥夺财产的藩之一。,source-guarded terminology: 幕府将军->幕府
ModuleData/Languages/CNs/bak_strings.xml,OOBz6uOk,"One of the few Tozama daimyo to serve under the Shogunate, the Ikeda of Okayama domain are relatively sonno-joi, but still support the Shogunate. During the Boshin War, seeing the threat, the daimyo adopted a more pro-imperial successor and retired, so as to allow the domain to take the winning side without violating his own beliefs. While the domain itself avoided joining the war, many units formed in the domain would go fight in the north.",冈山藩的池田是为数不多的在幕府统治下任职的外样大名之一，虽然相对尊王，但仍然支持幕府。戊辰战争期间，大名看到威胁，选择了更亲帝国的继任者并退休，以便让藩主在不违背自己信仰的情况下占据胜利的一方。虽然藩本身避免参战，但藩内组建的许多部队都会前往北方作战。,冈山藩的池田是为数不多的在幕府统治下任职的外样大名之一，虽然相对尊王，但仍然支持幕府。戊辰战争期间，大名看到威胁，选择了更尊王的继任者并退休，以便让藩主在不违背自己信仰的情况下占据胜利的一方。虽然藩本身避免参战，但藩内组建的许多部队都会前往北方作战。,source-guarded terminology: 亲帝国->尊王
ModuleData/Languages/CNs/bak_strings.xml,Kusg7Oum,Kurume,行进,久留米,historical exact-name normalization
ModuleData/Languages/CNs/bak_strings.xml,KMsg7Ook,Kokura,关于,小仓,historical exact-name normalization
ModuleData/Languages/CNs/bak_strings.xml,BTSZWkKo,"Kokura is the rare Shogunate loyalist in the southwest, supporting the Shogun even despite being surrounded by larger, more pro-Imperial domains. This attitude remains ever despite losses against the sonno-joi forces, an almost admirable attitude if it didn't end up with a burning castle.",小仓是西南地区罕见的幕府忠诚者，尽管周围被更大、更亲帝国的藩包围，但他仍然支持幕府将军。尽管在与尊王攘夷军队的战斗中遭受损失，这种态度仍然存在，如果最终没有导致一座燃烧的城堡，这种态度几乎是令人钦佩的。,小仓是西南地区罕见的幕府忠诚者，尽管周围被更大、更尊王的藩包围，但他仍然支持幕府。尽管在与尊王攘夷军队的战斗中遭受损失，这种态度仍然存在，如果最终没有导致一座燃烧的城堡，这种态度几乎是令人钦佩的。,source-guarded terminology: 亲帝国->尊王 + source-guarded terminology: 幕府将军->幕府
ModuleData/Languages/CNs/bak_strings.xml,KzO8KtgQ,Have you brought {REQUESTED_AMOUNT} {.%}{?(REQUESTED_AMOUNT > 1)}rifles{?}rifle{\\?}{.%}? I have a fat purse of {REWARD}{GOLD_ICON} for you as promised.,你带了 {REQUESTED_AMOUNT} {.%}{?(REQUESTED_AMOUNT > 1)}步枪{?}步枪{\?}{.%} 了吗？正如我所承诺的，我有一个 {REWARD}{GOLD_ICON} 的大钱包给你。,你带了 {REQUESTED_AMOUNT} {.%}{?(REQUESTED_AMOUNT > 1)}步枪{?}步枪{\\?}{.%} 了吗？正如我所承诺的，我有一个 {REWARD}{GOLD_ICON} 的大钱包给你。,repair Bannerlord conditional closer
ModuleData/Languages/CNs/bak_strings.xml,1X5EGsW5,Yes. I have the goods right here. I brought {REQUESTED_AMOUNT} {.%}{?(REQUESTED_AMOUNT > 1)}rifles{?}rifle{\\?}{.%} as we agreed.,是的。我这里有货。按照我们约定，我带了{REQUESTED_AMOUNT} {.%}{?(REQUESTED_AMOUNT > 1)}步枪{?}步枪{\?}{.%}。,是的。我这里有货。按照我们约定，我带了{REQUESTED_AMOUNT} {.%}{?(REQUESTED_AMOUNT > 1)}步枪{?}步枪{\\?}{.%}。,repair Bannerlord conditional closer
ModuleData/Languages/CNs/bak_strings.xml,bkTnHGbI,"Thank you, {?PLAYER.GENDER}madam{?}sir{\\?}, I think they will be enough.",谢谢您，{?PLAYER.GENDER}女士{?}先生{\?}，我想它们就足够了。,谢谢您，{?PLAYER.GENDER}女士{?}先生{\\?}，我想它们就足够了。,repair Bannerlord conditional closer
ModuleData/Languages/CNs/bak_strings.xml,E9rOQzPT,"{ISSUEGIVER.LINK}, a merchant from {SETTLEMENT}, has told you about {?ISSUEGIVER.GENDER}her{?}his{\\?} recent problems with shishi radicals. {?ISSUEGIVER.GENDER}She{?}he{\\?} asked you to guard {?ISSUEGIVER.GENDER}her{?}his{\\?} foreign guest for a while and deal with any attackers. In return {?ISSUEGIVER.GENDER}she{?}he{\\?} offered you {GOLD}{GOLD_ICON} for each day your troops spend on escort duty.{newline}You agreed to lend {?ISSUEGIVER.GENDER}her{?}him{\\?} {NEEDED_MEN_COUNT} men. They should be enough to turn away most of the radicals. Your troops should return after {RETURN_DAYS} days.",来自{SETTLEMENT}的商人{ISSUEGIVER.LINK}向您讲述了{?ISSUEGIVER.GENDER}她的{?}他的{\?}最近的尊攘激进派的问题。 {?ISSUEGIVER.GENDER}她{?}他{\?}要求你暂时看守{?ISSUEGIVER.GENDER}她的{?}他的{\?}外宾并处理任何袭击者。作为回报，{?ISSUEGIVER.GENDER}她{?}他{\?} 为您的部队每天护送任务提供 {GOLD}{GOLD_ICON}。{newline}您同意借出 {?ISSUEGIVER.GENDER}她的{?}他{\?} {NEEDED_MEN_COUNT} 人员。它们应该足以赶走大多数激进分子。你的部队应该在 {RETURN_DAYS} 天后返回。,来自{SETTLEMENT}的商人{ISSUEGIVER.LINK}向您讲述了{?ISSUEGIVER.GENDER}她的{?}他的{\\?}最近的尊攘激进派的问题。 {?ISSUEGIVER.GENDER}她{?}他{\\?}要求你暂时看守{?ISSUEGIVER.GENDER}她的{?}他的{\\?}外宾并处理任何袭击者。作为回报，{?ISSUEGIVER.GENDER}她{?}他{\\?} 为您的部队每天护送任务提供 {GOLD}{GOLD_ICON}。{newline}您同意借出 {?ISSUEGIVER.GENDER}她的{?}他{\\?} {NEEDED_MEN_COUNT} 人员。它们应该足以赶走大多数激进分子。你的部队应该在 {RETURN_DAYS} 天后返回。,repair Bannerlord conditional closer
ModuleData/Languages/CNs/bak_strings.xml,8Hulmn4B,Your companion has protected the foreign merchant from {SETTLEMENT} as promised. {?ISSUE_GIVER.GENDER}She{?}He{\\?} was happy with your work.,你的同伴已经按照承诺保护了外国商人免受{SETTLEMENT}的侵害。 {?ISSUE_GIVER.GENDER}她{?}他{\?} 对您的工作感到满意。,你的同伴已经按照承诺保护了外国商人免受{SETTLEMENT}的侵害。 {?ISSUE_GIVER.GENDER}她{?}他{\\?} 对您的工作感到满意。,repair Bannerlord conditional closer
ModuleData/Languages/CNs/bak_strings.xml,Lbhu9Pg9,"{ISSUE_GIVER.LINK}, a merchant from {SETTLEMENT}, has told you about {?ISSUE_GIVER.GENDER}her{?}his{\\?} recent problems with shishi radicals. {?ISSUE_GIVER.GENDER}She{?}He{\\?} asked you to guard {?ISSUE_GIVER.GENDER}her{?}his{\\?} foreign guest for a while and deal with any attackers. In return {?ISSUE_GIVER.GENDER}she{?}he{\\?} offered you {GOLD}{GOLD_ICON} denars for each day you spend on escort duty.{newline}You have agreed to guard him yourself until he visits {NUMBER_OF_SETTLEMENTS} settlements.",来自{SETTLEMENT}的商人{ISSUE_GIVER.LINK}向您讲述了{?ISSUE_GIVER.GENDER}她的{?}他的{\?}最近的尊攘激进派的问题。 {?ISSUE_GIVER.GENDER}她{?}他{\?}要求你暂时看守{?ISSUE_GIVER.GENDER}她的{?}他的{\?}外宾并处理任何袭击者。作为回报，{?ISSUE_GIVER.GENDER}她{?}他{\?} 为您每天执行护送任务提供 {GOLD}{GOLD_ICON} 第纳尔。{newline}您已同意亲自看守他，直到他访问 {NUMBER_OF_SETTLEMENTS} 定居点。,来自{SETTLEMENT}的商人{ISSUE_GIVER.LINK}向您讲述了{?ISSUE_GIVER.GENDER}她的{?}他的{\\?}最近的尊攘激进派的问题。 {?ISSUE_GIVER.GENDER}她{?}他{\\?}要求你暂时看守{?ISSUE_GIVER.GENDER}她的{?}他的{\\?}外宾并处理任何袭击者。作为回报，{?ISSUE_GIVER.GENDER}她{?}他{\\?} 为您每天执行护送任务提供 {GOLD}{GOLD_ICON} 第纳尔。{newline}您已同意亲自看守他，直到他访问 {NUMBER_OF_SETTLEMENTS} 定居点。,repair Bannerlord conditional closer
ModuleData/Languages/CNs/bak_strings.xml,hQc8EEzS,{QUEST_GIVER.LINK} says that a {MALE_LESSER_NOBLE_TITLE} named {MALE_LESSER_NOBLE_NAME} is stirring up unrest in the countryside. {?QUEST_GIVER.GENDER}She{?}He{\\?} asked you to disperse {MALE_LESSER_NOBLE_NAME}'s band using whatever means necessary before the movement gets enough support.,{QUEST_GIVER.LINK} 说，一个名为 {MALE_LESSER_NOBLE_NAME} 的 {MALE_LESSER_NOBLE_TITLE} 正在乡村煽动骚乱。 {?QUEST_GIVER.GENDER}她{?}他{\?} 要求您在运动获得足够支持之前使用任何必要的手段驱散 {MALE_LESSER_NOBLE_NAME} 的乐队。,{QUEST_GIVER.LINK} 说，一个名为 {MALE_LESSER_NOBLE_NAME} 的 {MALE_LESSER_NOBLE_TITLE} 正在乡村煽动骚乱。 {?QUEST_GIVER.GENDER}她{?}他{\\?} 要求您在运动获得足够支持之前使用任何必要的手段驱散 {MALE_LESSER_NOBLE_NAME} 的乐队。,repair Bannerlord conditional closer
ModuleData/Languages/CNs/bak_strings.xml,IFH3fzAZ,{QUEST_GIVER.LINK} has left {KINGDOM}. Your agreement with {?QUEST_GIVER.GENDER}her{?}him{\\?} has been canceled.,{QUEST_GIVER.LINK} 已离开 {KINGDOM}。您与 {?QUEST_GIVER.GENDER}她的{?}他{\?} 的协议已取消。,{QUEST_GIVER.LINK} 已离开 {KINGDOM}。您与 {?QUEST_GIVER.GENDER}她的{?}他{\\?} 的协议已取消。,repair Bannerlord conditional closer
ModuleData/Languages/CNs/bak_strings.xml,SHoWDmG2,"Greetings, {?PLAYER.GENDER}madame{?}sir{\\?}. May I help you?",您好，{?PLAYER.GENDER}夫人{?}先生{\?}。我可以帮你吗？,您好，{?PLAYER.GENDER}夫人{?}先生{\\?}。我可以帮你吗？,repair Bannerlord conditional closer
ModuleData/Languages/CNs/bak_strings.xml,ijmNcreb,Obama,小浜,小滨,historical exact-name normalization
ModuleData/Languages/CNs/bak_strings.xml,FXVHs6Rl,Yokoi Shonan,横井湘南,横井小楠,historical exact-name normalization
ModuleData/Languages/CNs/bak_strings.xml,0VxHt8iA,Kazu-no-miya || Kazu-no-miya Chikako,一之宫,和宫亲子内亲王,curated historical/style rewrite
ModuleData/Languages/CNs/bak_strings.xml,zHBbLO7U,Tenshoin || Tenshoin ,天书院,天璋院,curated historical/style rewrite
ModuleData/Languages/CNs/bak_strings.xml,HiHaEnTa,Enomoto Takeaki,榎本武明,榎本武扬,historical exact-name normalization
ModuleData/Languages/CNs/bak_strings.xml,eeY8Wqqk,Ii Naosuke,井伊直介,井伊直弼,historical exact-name normalization
ModuleData/Languages/CNs/bak_strings.xml,pK7A2Rp7,Mori Takachika,森高亲,毛利敬亲,historical exact-name normalization
ModuleData/Languages/CNs/bak_strings.xml,x08M6xh2,Mori Motonori,森元德,毛利元德,historical exact-name normalization
ModuleData/Languages/CNs/bak_strings.xml,vsXnQaY3,Shishido Toyoko  || Shishido Toyoko,宍户东横子,宍户丰子,curated historical/style rewrite
ModuleData/Languages/CNs/bak_strings.xml,ChSeiTaS,Takasugi Shinsaku,高杉慎作,高杉晋作,historical exact-name normalization
ModuleData/Languages/CNs/bak_strings.xml,ChSeiInK,Inoue Kaoru,井上薰,井上馨,historical exact-name normalization
ModuleData/Languages/CNs/bak_strings.xml,ChSeiYaA,Yamagata Aritomo,山形有友,山县有朋,historical exact-name normalization
ModuleData/Languages/CNs/bak_strings.xml,ChSeiOmM,Omura Masujiro,大村增二郎,大村益次郎,historical exact-name normalization
ModuleData/Languages/CNs/bak_strings.xml,ChShiSaS,Sanjo Sanetomi,三条实富,三条实美,historical exact-name normalization
ModuleData/Languages/CNs/bak_strings.xml,eHD3yI8F,Konoe Toyoko || Toyoko Konoe,近江丰子,近卫丰子,curated historical/style rewrite
ModuleData/Languages/CNs/bak_strings.xml,7s4dxFt3,Hisamitsu || Shimazu Hisamitsu,久光,岛津久光,curated historical/style rewrite
ModuleData/Languages/CNs/bak_strings.xml,vI3iTRAa,Shimazu Nariakira,岛津成平,岛津齐彬,historical exact-name normalization
ModuleData/Languages/CNs/bak_strings.xml,k3CpNDG5,Oyama Iwao,小山岩男,大山岩,historical exact-name normalization
ModuleData/Languages/CNs/bak_strings.xml,CaWfkO0p,Kawamura Sumiyoshi,河村住吉,川村纯义,historical exact-name normalization
ModuleData/Languages/CNs/bak_strings.xml,BosTakam,Saigo Takamori,西乡隆森,西乡隆盛,historical exact-name normalization
ModuleData/Languages/CNs/bak_strings.xml,BosOkTos,Okubo Toshimichi,大久保敏道,大久保利通,historical exact-name normalization
ModuleData/Languages/CNs/bak_strings.xml,E46uMtvl,Kawai Tsugunosuke,河合继之助,河井继之助,historical exact-name normalization
ModuleData/Languages/CNs/bak_strings.xml,LfZC8oxt,Okuma Shigenobu,雷丁重信,大隈重信,historical exact-name normalization
ModuleData/Languages/CNs/bak_strings.xml,tDyOs33I,Hijikata Toshizo,土方俊三,土方岁三,historical exact-name normalization
ModuleData/Languages/CNs/bak_strings.xml,4MEC7NCo,Yamanami Keisuke,山波惠介,山南敬助,historical exact-name normalization
ModuleData/Languages/CNs/bak_strings.xml,Naka3r08,Nakano Takeko,中野武子,中野竹子,historical exact-name normalization
ModuleData/Languages/CNs/bak_strings.xml,KiriTosh,Kirino Toshiaki,桐野俊明,桐野利秋,historical exact-name normalization
ModuleData/Languages/CNs/bak_strings.xml,l9dNB33O,Date Munenari,伊达宗成,伊达宗城,historical exact-name normalization
ModuleData/Languages/CNs/bak_strings.xml,ufdDL1IS,Yamauchi Toyoshige,山内丰重,山内丰信,historical exact-name normalization
ModuleData/Languages/CNs/bak_strings.xml,khx3Vgh8,Matsudaira Katamori,松平片守,松平容保,historical exact-name normalization
ModuleData/Languages/CNs/bak_strings.xml,uSZ3ktlG,Yamakawa Hiroshi,山川宏,山川浩,historical exact-name normalization
ModuleData/Languages/CNs/bak_strings.xml,KmXmnjce,Tengu-to,天狗岛,天狗党,historical exact-name normalization
ModuleData/Languages/CNs/bak_strings.xml,rW0j3kZA,Burai Ronin,布赖罗宁,布赖浪人,source-guarded terminology: 罗宁->浪人
ModuleData/Languages/CNs/bak_strings.xml,alnKa3Bg,Shogitai,松吉泰,彰义队,historical exact-name normalization
ModuleData/Languages/CNs/bak_strings.xml,XM9EPKur,Kurume,行进,久留米,historical exact-name normalization
ModuleData/Languages/CNs/bak_strings.xml,XM9EPKoK,Kokura,关于,小仓,historical exact-name normalization
ModuleData/Languages/CNs/bak_strings.xml,DOmMv6H8,Ozu,小津,大洲,historical exact-name normalization
ModuleData/Languages/CNs/bak_strings.xml,Kism7ttN,Kii || Kii{newline}{newline}Foreign Merchant: German,不,纪伊,curated historical/style rewrite
ModuleData/Languages/CNs/bak_strings.xml,wIaHKKag,Kaga || Kaga{newline}{newline}Foreign Merchant: Dutch,来自你,加贺,curated historical/style rewrite
ModuleData/Languages/CNs/bak_strings.xml,JozAyodh,Jozai || Jozai{newline}{newline}Foreign Merchant: German,定在,请西,curated historical/style rewrite
ModuleData/Languages/CNs/bak_strings.xml,Z1qR2REA,Tozama || Tosan{newline}{newline}Foreign Merchant: Dutch,户座间,外样,curated historical/style rewrite
ModuleData/Languages/CNs/bak_strings.xml,3HM2LZLz,Jozai,定在,请西,historical exact-name normalization
ModuleData/Languages/CNs/bak_strings.xml,QqEJybge,Obama,小浜,小滨,historical exact-name normalization
ModuleData/Languages/CNs/bak_strings.xml,r3wkuN0u,Ou Reppan Domei,欧·雷潘·多梅,奥羽越列藩同盟,historical exact-name normalization
ModuleData/Languages/CNs/bak_strings.xml,nuOTMFnL,Tenguto,天狗,天狗党,historical exact-name normalization
ModuleData/Languages/CNs/bak_strings.xml,FuKAbgHr,Fukui Caravan Master || Fukuoka Caravan Master,福井房车大师,商队首领,curated historical/style rewrite
ModuleData/Languages/CNs/bak_strings.xml,JozAbgHr,Jozai Caravan Master,定在商队主人,请西商队首领,historical exact-name normalization
ModuleData/Languages/CNs/bak_strings.xml,BosNBKai,Kaigun Heitai || Kaiheitai,海军平队,海兵队,curated historical/style rewrite
ModuleData/Languages/CNs/bak_strings.xml,BosChKih,Kiheitai,热或冷,奇兵队,historical exact-name normalization
ModuleData/Languages/CNs/bak_strings.xml,BosObJut,Obama Jutai,小浜铳队,小滨铳队,historical exact-name normalization
ModuleData/Languages/CNs/bak_strings.xml,BosObKih,Obama Kiheitai,小浜奇兵隊,小滨奇兵队,historical exact-name normalization
ModuleData/Languages/CNs/bak_strings.xml,BosKaNoh,Kaga Noheitai,加贺野平队,加贺农兵队,historical exact-name normalization
ModuleData/Languages/CNs/bak_strings.xml,BosJoYug,Jozai Yugekitai,庄内游击队,请西游击队,historical exact-name normalization
ModuleData/Languages/CNs/bak_strings.xml,BosBaTSo,Shogitai,松吉隊,彰义队,historical exact-name normalization
ModuleData/Languages/CNs/bak_strings.xml,zLSSSatc,Satcho Alliance,佐藤联盟,萨长同盟,historical exact-name normalization
