priority,category,source_file,key,source,current_cn,reason
P0,control_token_mismatch,ModuleData/Languages/bak_strings.xml,1X5EGsW5,Yes. I have the goods right here. I brought {REQUESTED_AMOUNT} {.%}{?(REQUESTED_AMOUNT > 1)}rifles{?}rifle{\\?}{.%} as we agreed.,是的。我这里有货。按照我们约定，我带了{REQUESTED_AMOUNT} {.%}{?(REQUESTED_AMOUNT > 1)}步枪{?}步枪{\?}{.%}。,control tokens differ
P0,control_token_mismatch,ModuleData/Languages/bak_strings.xml,8Hulmn4B,Your companion has protected the foreign merchant from {SETTLEMENT} as promised. {?ISSUE_GIVER.GENDER}She{?}He{\\?} was happy with your work.,你的同伴已经按照承诺保护了外国商人免受{SETTLEMENT}的侵害。 {?ISSUE_GIVER.GENDER}她{?}他{\?} 对您的工作感到满意。,control tokens differ
P0,control_token_mismatch,ModuleData/Languages/bak_strings.xml,E9rOQzPT,"{ISSUEGIVER.LINK}, a merchant from {SETTLEMENT}, has told you about {?ISSUEGIVER.GENDER}her{?}his{\\?} recent problems with shishi radicals. {?ISSUEGIVER.GENDER}She{?}he{\\?} asked you to guard {?ISSUEGIVER.GENDER}her{?}his{\\?} foreign guest for a while and deal with any attackers. In return {?ISSUEGIVER.GENDER}she{?}he{\\?} offered you {GOLD}{GOLD_ICON} for each day your troops spend on escort duty.{newline}You agreed to lend {?ISSUEGIVER.GENDER}her{?}him{\\?} {NEEDED_MEN_COUNT} men. They should be enough to turn away most of the radicals. Your troops should return after {RETURN_DAYS} days.",来自{SETTLEMENT}的商人{ISSUEGIVER.LINK}向您讲述了{?ISSUEGIVER.GENDER}她的{?}他的{\?}最近的尊攘激进派的问题。 {?ISSUEGIVER.GENDER}她{?}他{\?}要求你暂时看守{?ISSUEGIVER.GENDER}她的{?}他的{\?}外宾并处理任何袭击者。作为回报，{?ISSUEGIVER.GENDER}她{?}他{\?} 为您的部队每天护送任务提供 {GOLD}{GOLD_ICON}。{newline}您同意借出 {?ISSUEGIVER.GENDER}她的{?}他{\?} {NEEDED_MEN_COUNT} 人员。它们应该足以赶走大多数激进分子。你的部队应该在 {RETURN_DAYS} 天后返回。,control tokens differ
P0,control_token_mismatch,ModuleData/Languages/bak_strings.xml,KzO8KtgQ,Have you brought {REQUESTED_AMOUNT} {.%}{?(REQUESTED_AMOUNT > 1)}rifles{?}rifle{\\?}{.%}? I have a fat purse of {REWARD}{GOLD_ICON} for you as promised.,你带了 {REQUESTED_AMOUNT} {.%}{?(REQUESTED_AMOUNT > 1)}步枪{?}步枪{\?}{.%} 了吗？正如我所承诺的，我有一个 {REWARD}{GOLD_ICON} 的大钱包给你。,control tokens differ
P0,control_token_mismatch,ModuleData/Languages/bak_strings.xml,Lbhu9Pg9,"{ISSUE_GIVER.LINK}, a merchant from {SETTLEMENT}, has told you about {?ISSUE_GIVER.GENDER}her{?}his{\\?} recent problems with shishi radicals. {?ISSUE_GIVER.GENDER}She{?}He{\\?} asked you to guard {?ISSUE_GIVER.GENDER}her{?}his{\\?} foreign guest for a while and deal with any attackers. In return {?ISSUE_GIVER.GENDER}she{?}he{\\?} offered you {GOLD}{GOLD_ICON} denars for each day you spend on escort duty.{newline}You have agreed to guard him yourself until he visits {NUMBER_OF_SETTLEMENTS} settlements.",来自{SETTLEMENT}的商人{ISSUE_GIVER.LINK}向您讲述了{?ISSUE_GIVER.GENDER}她的{?}他的{\?}最近的尊攘激进派的问题。 {?ISSUE_GIVER.GENDER}她{?}他{\?}要求你暂时看守{?ISSUE_GIVER.GENDER}她的{?}他的{\?}外宾并处理任何袭击者。作为回报，{?ISSUE_GIVER.GENDER}她{?}他{\?} 为您每天执行护送任务提供 {GOLD}{GOLD_ICON} 第纳尔。{newline}您已同意亲自看守他，直到他访问 {NUMBER_OF_SETTLEMENTS} 定居点。,control tokens differ
P0,control_token_mismatch,ModuleData/Languages/bak_strings.xml,Na81xuXn,{KEY} Reload,{KEY} 重新加载 {AMMO},control tokens differ
P0,control_token_mismatch,ModuleData/Languages/bak_strings.xml,bNYm3K6b,{KEY} Pick Up,{KEY} 接听 {AMMO},control tokens differ
P0,control_token_mismatch,ModuleData/Languages/bak_strings.xml,bk0ZMumA,{COMPLETED_MOKUROKU_RESPONSE},很好。拿着这个目録。你的名字以及你所获得的教诲都写在上面。请保管好它，并记住所写的内容将您与这所流派联系在一起。,control tokens differ
P0,control_token_mismatch,ModuleData/Languages/bak_strings.xml,bkTnHGbI,"Thank you, {?PLAYER.GENDER}madam{?}sir{\\?}, I think they will be enough.",谢谢您，{?PLAYER.GENDER}女士{?}先生{\?}，我想它们就足够了。,control tokens differ
P0,control_token_mismatch,ModuleData/Languages/bak_strings.xml | ModuleData/concept_strings.xml,J84QToW3, Social Castes,幕末时期用于指称西方外国人的称呼，但并不属于阶级制度。然而，日本开放后，许多限制被强行取消，西方游客和商人涌入日本。其中许多最成功的人，主要是军火商，获得了与武士相当的地位，甚至被赋予了自己的日本名字和徽章。{newline}{newline}优点：无{newline}{newline}限制：无法玩,control tokens differ
P0,control_token_mismatch,ModuleData/Languages/bak_strings.xml | ModuleData/module_strings.xml,IFH3fzAZ,{QUEST_GIVER.LINK} has left {KINGDOM}. Your agreement with {?QUEST_GIVER.GENDER}her{?}him{\\?} has been canceled.,{QUEST_GIVER.LINK} 已离开 {KINGDOM}。您与 {?QUEST_GIVER.GENDER}她的{?}他{\?} 的协议已取消。,control tokens differ
P0,control_token_mismatch,ModuleData/Languages/bak_strings.xml | ModuleData/module_strings.xml,SHoWDmG2,"Greetings, {?PLAYER.GENDER}madame{?}sir{\\?}. May I help you?",您好，{?PLAYER.GENDER}夫人{?}先生{\?}。我可以帮你吗？,control tokens differ
P0,control_token_mismatch,ModuleData/Languages/bak_strings.xml | ModuleData/module_strings.xml,hQc8EEzS,{QUEST_GIVER.LINK} says that a {MALE_LESSER_NOBLE_TITLE} named {MALE_LESSER_NOBLE_NAME} is stirring up unrest in the countryside. {?QUEST_GIVER.GENDER}She{?}He{\\?} asked you to disperse {MALE_LESSER_NOBLE_NAME}'s band using whatever means necessary before the movement gets enough support.,{QUEST_GIVER.LINK} 说，一个名为 {MALE_LESSER_NOBLE_NAME} 的 {MALE_LESSER_NOBLE_TITLE} 正在乡村煽动骚乱。 {?QUEST_GIVER.GENDER}她{?}他{\?} 要求您在运动获得足够支持之前使用任何必要的手段驱散 {MALE_LESSER_NOBLE_NAME} 的乐队。,control tokens differ
P0,control_token_mismatch,ModuleData/Languages/bak_strings.xml | ModuleData/spcultures/shokuho_main_cultures.xml,701yWNGe,Tokai{newline}{newline}Foreign Merchant: French,谱代,control tokens differ
P0,control_token_mismatch,ModuleData/Languages/bak_strings.xml | ModuleData/spcultures/shokuho_main_cultures.xml,701yWTen,Tenryo{newline}{newline}Foreign Merchant: French,天领,control tokens differ
P0,control_token_mismatch,ModuleData/Languages/bak_strings.xml | ModuleData/spcultures/shokuho_main_cultures.xml,Hikm7ttN,Hikone{newline}{newline}Foreign Merchant: French,彦根,control tokens differ
P0,control_token_mismatch,ModuleData/Languages/bak_strings.xml | ModuleData/spcultures/shokuho_main_cultures.xml,JozAyodh,Jozai{newline}{newline}Foreign Merchant: German,定在,control tokens differ
P0,control_token_mismatch,ModuleData/Languages/bak_strings.xml | ModuleData/spcultures/shokuho_main_cultures.xml,Kism7ttN,Kii{newline}{newline}Foreign Merchant: German,不,control tokens differ
P0,control_token_mismatch,ModuleData/Languages/bak_strings.xml | ModuleData/spcultures/shokuho_main_cultures.xml,MFkIDiZT,Morioka{newline}{newline}Foreign Merchant: German,盛冈,control tokens differ
P0,control_token_mismatch,ModuleData/Languages/bak_strings.xml | ModuleData/spcultures/shokuho_main_cultures.xml,MFkIDiZt,Hirosaki{newline}{newline}Foreign Merchant: Dutch,弘前,control tokens differ
P0,control_token_mismatch,ModuleData/Languages/bak_strings.xml | ModuleData/spcultures/shokuho_main_cultures.xml,MfAIDiZt,Akita{newline}{newline}Foreign Merchant: British,秋田,control tokens differ
P0,control_token_mismatch,ModuleData/Languages/bak_strings.xml | ModuleData/spcultures/shokuho_main_cultures.xml,NFOJEHir,Hiroshima{newline}{newline}Foreign Merchant: British,广岛,control tokens differ
P0,control_token_mismatch,ModuleData/Languages/bak_strings.xml | ModuleData/spcultures/shokuho_main_cultures.xml,NFOJETot,Tottori{newline}{newline}Foreign Merchant: Dutch,鸟取,control tokens differ
P0,control_token_mismatch,ModuleData/Languages/bak_strings.xml | ModuleData/spcultures/shokuho_main_cultures.xml,NFOJEwiL,TODO{newline}{newline}Foreign Merchant: British,长州,control tokens differ
P0,control_token_mismatch,ModuleData/Languages/bak_strings.xml | ModuleData/spcultures/shokuho_main_cultures.xml,OwaAyodh,Owari{newline}{newline}Foreign Merchant: French,尾张,control tokens differ
P0,control_token_mismatch,ModuleData/Languages/bak_strings.xml | ModuleData/spcultures/shokuho_main_cultures.xml,SenIDiZt,Sendai{newline}{newline}Foreign Merchant: German,仙台,control tokens differ
P0,control_token_mismatch,ModuleData/Languages/bak_strings.xml | ModuleData/spcultures/shokuho_main_cultures.xml,ShkIDiZt,Shonai{newline}{newline}Foreign Merchant: German,庄内,control tokens differ
P0,control_token_mismatch,ModuleData/Languages/bak_strings.xml | ModuleData/spcultures/shokuho_main_cultures.xml,Tsum7ttN,Tsu{newline}{newline}Foreign Merchant: French,津,control tokens differ
P0,control_token_mismatch,ModuleData/Languages/bak_strings.xml | ModuleData/spcultures/shokuho_main_cultures.xml,YFkIDiZT,Yonezawa{newline}{newline}Foreign Merchant: Dutch,米泽,control tokens differ
P0,control_token_mismatch,ModuleData/Languages/bak_strings.xml | ModuleData/spcultures/shokuho_main_cultures.xml,Z1qR2REA,Tosan{newline}{newline}Foreign Merchant: Dutch,户座间,control tokens differ
P0,control_token_mismatch,ModuleData/Languages/bak_strings.xml | ModuleData/spcultures/shokuho_main_cultures.xml,wIaHKFuk,Fukui{newline}{newline}Foreign Merchant: British,福井,control tokens differ
P0,control_token_mismatch,ModuleData/Languages/bak_strings.xml | ModuleData/spcultures/shokuho_main_cultures.xml,wIaHKKag,Kaga{newline}{newline}Foreign Merchant: Dutch,来自你,control tokens differ
P0,control_token_mismatch,ModuleData/Languages/bak_strings.xml | ModuleData/spcultures/shokuho_main_cultures.xml,wIaHKNag,Nagaoka{newline}{newline}Foreign Merchant: American,长冈,control tokens differ
P1,naked_english_uncovered,ModuleData/spkingdoms/spkingdoms.xml,akamatsu,Fukuoka,,likely_user_facing field short_name has no matched CN override
P1,naked_english_uncovered,ModuleData/spkingdoms/spkingdoms.xml,amago,Matsue,,likely_user_facing field short_name has no matched CN override
P1,naked_english_uncovered,ModuleData/spkingdoms/spkingdoms.xml,ando,Hirosaki,,likely_user_facing field short_name has no matched CN override
P1,naked_english_uncovered,ModuleData/spkingdoms/spkingdoms.xml,anekouji,Obama,,likely_user_facing field short_name has no matched CN override
P1,naked_english_uncovered,ModuleData/spkingdoms/spkingdoms.xml,arima,Kurume,,likely_user_facing field short_name has no matched CN override
P1,naked_english_uncovered,ModuleData/spkingdoms/spkingdoms.xml,asakura,Fukui,,likely_user_facing field short_name has no matched CN override
P1,naked_english_uncovered,ModuleData/spkingdoms/spkingdoms.xml,ashikaga,Hikone,,likely_user_facing field short_name has no matched CN override
P1,naked_english_uncovered,ModuleData/spkingdoms/spkingdoms.xml,ashina,Aizu,,likely_user_facing field short_name has no matched CN override
P1,naked_english_uncovered,ModuleData/spkingdoms/spkingdoms.xml,aso,Kumamoto,,likely_user_facing field short_name has no matched CN override
P1,naked_english_uncovered,ModuleData/spkingdoms/spkingdoms.xml,azai,Owari,,likely_user_facing field short_name has no matched CN override
P1,naked_english_uncovered,ModuleData/spkingdoms/spkingdoms.xml,chosokabe,Tosa,,likely_user_facing field short_name has no matched CN override
P1,naked_english_uncovered,ModuleData/spkingdoms/spkingdoms.xml,date,Sendai,,likely_user_facing field short_name has no matched CN override
P1,naked_english_uncovered,ModuleData/spkingdoms/spkingdoms.xml,hatakeyama,Kishu,,likely_user_facing field short_name has no matched CN override
P1,naked_english_uncovered,ModuleData/spkingdoms/spkingdoms.xml,hojo,Mito,,likely_user_facing field short_name has no matched CN override
P1,naked_english_uncovered,ModuleData/spkingdoms/spkingdoms.xml,honjo,Shonai,,likely_user_facing field short_name has no matched CN override
P1,naked_english_uncovered,ModuleData/spkingdoms/spkingdoms.xml,ichijo,Uwajima,,likely_user_facing field short_name has no matched CN override
P1,naked_english_uncovered,ModuleData/spkingdoms/spkingdoms.xml,ikko_shu,Kaga,,likely_user_facing field short_name has no matched CN override
P1,naked_english_uncovered,ModuleData/spkingdoms/spkingdoms.xml,imagawa,Iyo Matsuyama,,likely_user_facing field short_name has no matched CN override
P1,naked_english_uncovered,ModuleData/spkingdoms/spkingdoms.xml,ito,Kokura,,likely_user_facing field short_name has no matched CN override
P1,naked_english_uncovered,ModuleData/spkingdoms/spkingdoms.xml,kimotsuki,Tenguto,,likely_user_facing field short_name has no matched CN override
P1,naked_english_uncovered,ModuleData/spkingdoms/spkingdoms.xml,miyoshi,Tokushima,,likely_user_facing field short_name has no matched CN override
P1,naked_english_uncovered,ModuleData/spkingdoms/spkingdoms.xml,mogami,Fukushima,,likely_user_facing field short_name has no matched CN override
P1,naked_english_uncovered,ModuleData/spkingdoms/spkingdoms.xml,mori,Choshu,,likely_user_facing field short_name has no matched CN override
P1,naked_english_uncovered,ModuleData/spkingdoms/spkingdoms.xml,nanbu,Morioka,,likely_user_facing field short_name has no matched CN override
P1,naked_english_uncovered,ModuleData/spkingdoms/spkingdoms.xml,oda,Tsu,,likely_user_facing field short_name has no matched CN override
P1,naked_english_uncovered,ModuleData/spkingdoms/spkingdoms.xml,otomo,Yodo,,likely_user_facing field short_name has no matched CN override
P1,naked_english_uncovered,ModuleData/spkingdoms/spkingdoms.xml,rokkaku,Kuwana,,likely_user_facing field short_name has no matched CN override
P1,naked_english_uncovered,ModuleData/spkingdoms/spkingdoms.xml,ryuzoji,Saga,,likely_user_facing field short_name has no matched CN override
P1,naked_english_uncovered,ModuleData/spkingdoms/spkingdoms.xml,sagara,Hitoyoshi,,likely_user_facing field short_name has no matched CN override
P1,naked_english_uncovered,ModuleData/spkingdoms/spkingdoms.xml,saionji,Ozu,,likely_user_facing field short_name has no matched CN override
P1,naked_english_uncovered,ModuleData/spkingdoms/spkingdoms.xml,satake,Kubota,,likely_user_facing field short_name has no matched CN override
P1,naked_english_uncovered,ModuleData/spkingdoms/spkingdoms.xml,satomi,Jozai,,likely_user_facing field short_name has no matched CN override
P1,naked_english_uncovered,ModuleData/spkingdoms/spkingdoms.xml,shimazu,Satsuma,,likely_user_facing field short_name has no matched CN override
P1,naked_english_uncovered,ModuleData/spkingdoms/spkingdoms.xml,soma,Tottori,,likely_user_facing field short_name has no matched CN override
P1,naked_english_uncovered,ModuleData/spkingdoms/spkingdoms.xml,takeda,Himeji,,likely_user_facing field short_name has no matched CN override
P1,naked_english_uncovered,ModuleData/spkingdoms/spkingdoms.xml,tokugawa,Tokugawa,,likely_user_facing field short_name has no matched CN override
P1,naked_english_uncovered,ModuleData/spkingdoms/spkingdoms.xml,uesugi,Ou Reppan Domei,,likely_user_facing field short_name has no matched CN override
P1,naked_english_uncovered,ModuleData/spkingdoms/spkingdoms.xml,uragami,Hiroshima,,likely_user_facing field short_name has no matched CN override
P1,naked_english_uncovered,ModuleData/spkingdoms/spkingdoms.xml,utsunomiya,Nagaoka,,likely_user_facing field short_name has no matched CN override
P1,untranslated_equal,ModuleData/Languages/bak_strings.xml,A4e5F6g7,{PROPER_NAME},{PROPER_NAME},translation may still be English/romaji
P1,untranslated_equal,ModuleData/Languages/bak_strings.xml,Dqydb21E, {PARTY_SIZE},{PARTY_SIZE},translation may still be English/romaji
P1,untranslated_equal,ModuleData/Languages/bak_strings.xml,HAaElX8X,{PARTY_OWNERS_FACTION},{PARTY_OWNERS_FACTION},translation may still be English/romaji
P1,untranslated_equal,ModuleData/Languages/bak_strings.xml,J8VNP123,{FULL_RYUHA_INTRO}[ib:confident],{FULL_RYUHA_INTRO}[ib:confident],translation may still be English/romaji
P1,untranslated_equal,ModuleData/Languages/bak_strings.xml,Jyfkahka,{VALUE} ({?POSITIVE}+{?}{\\?}{DELTA_VALUE}),{VALUE} ({?POSITIVE}+{?}{\\?}{DELTA_VALUE}),translation may still be English/romaji
P1,untranslated_equal,ModuleData/Languages/bak_strings.xml,QyVbwGLp,{PARTY_SIZE},{PARTY_SIZE},translation may still be English/romaji
P1,untranslated_equal,ModuleData/Languages/bak_strings.xml,XlHdWNUg,{COMPLETED_MOKUROKU},{COMPLETED_MOKUROKU},translation may still be English/romaji
P1,untranslated_equal,ModuleData/Languages/bak_strings.xml,aE4ZRbB6, {HEALTH}%,{HEALTH}%,translation may still be English/romaji
P1,untranslated_equal,ModuleData/Languages/bak_strings.xml,bSo9hKwr,{PERSUASION_OPTION_LINE} {SUCCESS_CHANCE},{PERSUASION_OPTION_LINE} {SUCCESS_CHANCE},translation may still be English/romaji
P1,untranslated_equal,ModuleData/Languages/bak_strings.xml,dZDFxUvU,{A0},{A0},translation may still be English/romaji
P1,untranslated_equal,ModuleData/Languages/bak_strings.xml,gNSbsST8,0,0,translation may still be English/romaji
P1,untranslated_equal,ModuleData/Languages/bak_strings.xml,iXXTONWb, ({PARTY_SIZE}),({PARTY_SIZE}),translation may still be English/romaji
P1,untranslated_equal,ModuleData/Languages/bak_strings.xml,s6koeapc,{MAP_FACTION},{MAP_FACTION},translation may still be English/romaji
P1,untranslated_equal,ModuleData/Languages/bak_strings.xml | ModuleData/crafting_pieces.xml,DN7UiAyB,sho_katana_handle_4_brown,sho_katana_handle_4_brown,translation may still be English/romaji
P2,source_id_conflict,ModuleData/Items/books.xml | ModuleData/Languages/bak_strings.xml,HMiwn1t6,Heki-ryu Hyōhōmokuroku || Yari Hyōhōmokuroku,日置流兵法目録,same localization ID maps to multiple English strings
P2,source_id_conflict,ModuleData/Items/books.xml | ModuleData/Languages/bak_strings.xml | ModuleData/martial_school_progression.xml,ees8hQyH,Chūmokuroku-Menkyo || Kanajisho Mokuroku,中目録・免许,same localization ID maps to multiple English strings
P2,source_id_conflict,ModuleData/Items/modern_guns.xml | ModuleData/Languages/bak_strings.xml,BakMIEnB,Sunaidoru (P-1856 Enfield Short Rifle w/ Bayonet) || 1866 Snider-Enfield Short Rifle w/ Bayonet,斯奈德步枪（P-1856 恩菲尔德短步枪，带刺刀）,same localization ID maps to multiple English strings
P2,source_id_conflict,ModuleData/Items/modern_guns.xml | ModuleData/Languages/bak_strings.xml,BakMIEnf,Sunaidoru (P-1856 Enfield Short Rifle) || 1866 Snider-Enfield Short Rifle,斯奈德步枪（P-1856 恩菲尔德短步枪）,same localization ID maps to multiple English strings
P2,source_id_conflict,ModuleData/Items/sabers.xml | ModuleData/Languages/bak_strings.xml,5y2poyah,1845 Pattern 'Wilkinson' Saber || Mle 1822 Light Cavalry Saber,1845 年图案“威尔金森”军刀,same localization ID maps to multiple English strings
P2,source_id_conflict,ModuleData/Items/shoulders_belts.xml | ModuleData/Languages/bak_strings.xml,BosBeObS,Obi Belt w/ Shoulder Belt || Obi Belt with Sodejirushi,带肩带腰带,same localization ID maps to multiple English strings
P2,source_id_conflict,ModuleData/Languages/bak_strings.xml,BosBeOCS,Obi Belt w/ Sodejirushi and Crossbelt || Obi Belt w/ Sodejirushi and Shoulder Belt,带袖印和交叉腰带的腰带,same localization ID maps to multiple English strings
P2,source_id_conflict,ModuleData/Languages/bak_strings.xml,Na81xuXn,{KEY} Reload {AMMO} || {KEY} Reload,{KEY} 重新加载 {AMMO},same localization ID maps to multiple English strings
P2,source_id_conflict,ModuleData/Languages/bak_strings.xml,bNYm3K6b,{KEY} Pick Up {AMMO} || {KEY} Pick Up,{KEY} 接听 {AMMO},same localization ID maps to multiple English strings
P2,source_id_conflict,ModuleData/Languages/bak_strings.xml,bk0ZMumA,"Very well. Take this mokuroku. Your name is written upon it, along with the teachings you have earned. Guard it, and remember that what is written binds you to this school. || {COMPLETED_MOKUROKU_RESPONSE}",很好。拿着这个目録。你的名字以及你所获得的教诲都写在上面。请保管好它，并记住所写的内容将您与这所流派联系在一起。,same localization ID maps to multiple English strings
P2,source_id_conflict,ModuleData/Languages/bak_strings.xml,n6TYKC13,"Like all chonin children, you spent most of your time aiding your parents. You also spent your time... || Like all chonin children, you spent most of your time aiding your parents. You also...",和所有小忍孩子一样，你大部分时间都花在帮助父母上。你也花了你的时间...,same localization ID maps to multiple English strings
P2,source_id_conflict,ModuleData/Languages/bak_strings.xml,nyUL2zNE,"Like all peasant children, you helped out in the fields. You also spent your time... || Like all peasant children, you helped out in the fields. You also...",像所有农民的孩子一样，你在田里帮忙。你也花了你的时间...,same localization ID maps to multiple English strings
P2,source_id_conflict,ModuleData/Languages/bak_strings.xml | ModuleData/Troops/troops_bakufu.xml,BosBaOdG,Bakufu Odachi Gokenin || Bakufu Odachi Hatamoto,幕府大太刀护院,same localization ID maps to multiple English strings
P2,source_id_conflict,ModuleData/Languages/bak_strings.xml | ModuleData/Troops/troops_boshin_naval.xml,BosNBKai,Kaigun Heitai || Kaiheitai,海军平队,same localization ID maps to multiple English strings
P2,source_id_conflict,ModuleData/Languages/bak_strings.xml | ModuleData/Troops/troops_choshu.xml,BosChShi,Shinbutai || Choshu Shimpeitai,新武台,same localization ID maps to multiple English strings
P2,source_id_conflict,ModuleData/Languages/bak_strings.xml | ModuleData/Troops/troops_kinki.xml | ModuleData/Troops/troops_kyushu.xml,BosKuShi,Shinputai || Shingekitai,新风台,same localization ID maps to multiple English strings
P2,source_id_conflict,ModuleData/Languages/bak_strings.xml | ModuleData/Troops/troops_koryu.xml,BoHoRMen,Hozoin-ryu Menkyo || Hoki-ryu Menkyo,宝藏院流免许,same localization ID maps to multiple English strings
P2,source_id_conflict,ModuleData/Languages/bak_strings.xml | ModuleData/Troops/troops_koryu.xml,BoHoRMok,Hozoin-ryu Mokuroku || Hoki-ryu Mokuroku,宝藏院流目録,same localization ID maps to multiple English strings
P2,source_id_conflict,ModuleData/Languages/bak_strings.xml | ModuleData/Troops/troops_koryu.xml,BoHoROku,Hozoin-ryu Keppan || Hoki-ryu Keppan,宝藏院流血判,same localization ID maps to multiple English strings
P2,source_id_conflict,ModuleData/Languages/bak_strings.xml | ModuleData/Troops/troops_koryu.xml,BoShRMen,Shinkage-ryu Menkyo || Shinto Munen-ryu Menkyo,新阴流免许,same localization ID maps to multiple English strings
P2,source_id_conflict,ModuleData/Languages/bak_strings.xml | ModuleData/Troops/troops_koryu.xml,BoShRMok,Shinkage-ryu Mokuroku || Shinto Munen-ryu Mokuroku,新阴流目録,same localization ID maps to multiple English strings
P2,source_id_conflict,ModuleData/Languages/bak_strings.xml | ModuleData/Troops/troops_koryu.xml,BoShROku,Shinkage-ryu Reiken || Shinto Munen-ryu Keppan,新阴流灵剑,same localization ID maps to multiple English strings
P2,source_id_conflict,ModuleData/Languages/bak_strings.xml | ModuleData/Troops/troops_minor.xml,BosKoYoj,Kyodai || Yojimbo,共隊,same localization ID maps to multiple English strings
P2,source_id_conflict,ModuleData/Languages/bak_strings.xml | ModuleData/Troops/troops_tohoku.xml,BosShKij,Kijotai || Kijutai,奇兵队,same localization ID maps to multiple English strings
P2,source_id_conflict,ModuleData/Languages/bak_strings.xml | ModuleData/concept_strings.xml,J84QToW3,"Used in the late Edo period to refer to western foreigners, Gaikokujin were not a part of the caste system. However, after Japan was opened up, many of the restrictions upon them were forcibly lifted, and western tourists and merchants flooded the country. Many of the most successful of them, mainly arms dealers, gained a status comparable to that of the samurai, and were even given Japanese names and crests of their own.{newline}{newline}Pros: None{newline}{newline}Resistrictions: Cannot Play ||  Social Castes",幕末时期用于指称西方外国人的称呼，但并不属于阶级制度。然而，日本开放后，许多限制被强行取消，西方游客和商人涌入日本。其中许多最成功的人，主要是军火商，获得了与武士相当的地位，甚至被赋予了自己的日本名字和徽章。{newline}{newline}优点：无{newline}{newline}限制：无法玩,same localization ID maps to multiple English strings
P2,source_id_conflict,ModuleData/Languages/bak_strings.xml | ModuleData/custombattlecharacters.xml,NzbJtdPe,Wealthy Goshi || Denshutai Commander || Naginata Karo || French Officer || Nodachi Karo || Akazonae Commander || Joshitai || Imperial Guard Sergeant || Wandering Ronin || Choshu Officer,长州军官,same localization ID maps to multiple English strings
P2,source_id_conflict,ModuleData/Languages/bak_strings.xml | ModuleData/heroes/chubu_heroes.xml | ModuleData/lords/chubu_lords.xml,0VxHt8iA,Kazu-no-miya || Kazu-no-miya Chikako,一之宫,same localization ID maps to multiple English strings
P2,source_id_conflict,ModuleData/Languages/bak_strings.xml | ModuleData/heroes/chubu_heroes.xml | ModuleData/lords/chubu_lords.xml,3fFAXVUS,Honda Sukeshige || Honda Fujiko,本田助重,same localization ID maps to multiple English strings
P2,source_id_conflict,ModuleData/Languages/bak_strings.xml | ModuleData/heroes/chubu_heroes.xml | ModuleData/lords/chubu_lords.xml,4RHGzzz5,Honda Masamori || Honda Eiko,本田正萨莫里,same localization ID maps to multiple English strings
P2,source_id_conflict,ModuleData/Languages/bak_strings.xml | ModuleData/heroes/chubu_heroes.xml | ModuleData/lords/chubu_lords.xml,8Iv9ecNC,Matsudaira Ikuko || Uesugi Mochinori,松平郁子,same localization ID maps to multiple English strings
P2,source_id_conflict,ModuleData/Languages/bak_strings.xml | ModuleData/heroes/chubu_heroes.xml | ModuleData/lords/chubu_lords.xml,RuCWEn4I,Murakami Kyo || Matsudaira Yoshi,村上京,same localization ID maps to multiple English strings
P2,source_id_conflict,ModuleData/Languages/bak_strings.xml | ModuleData/heroes/chubu_heroes.xml | ModuleData/lords/chubu_lords.xml,bp0JE7lD,Honda Masanori || Honda Mutsumi,本田雅德,same localization ID maps to multiple English strings
P2,source_id_conflict,ModuleData/Languages/bak_strings.xml | ModuleData/heroes/chubu_heroes.xml | ModuleData/lords/chubu_lords.xml,mxxEQmKL,Kuno Haru || Kuno Toshimasa,久野春,same localization ID maps to multiple English strings
P2,source_id_conflict,ModuleData/Languages/bak_strings.xml | ModuleData/heroes/chubu_heroes.xml | ModuleData/lords/chubu_lords.xml,zHBbLO7U,Tenshoin || Tenshoin ,天书院,same localization ID maps to multiple English strings
P2,source_id_conflict,ModuleData/Languages/bak_strings.xml | ModuleData/heroes/chugoku_heroes.xml | ModuleData/lords/chugoku_lords.xml,BakAsTsu,Asano Tsunahime || Yamauchi Tsunahime,浅野纲姬,same localization ID maps to multiple English strings
P2,source_id_conflict,ModuleData/Languages/bak_strings.xml | ModuleData/heroes/chugoku_heroes.xml | ModuleData/lords/chugoku_lords.xml,vsXnQaY3,Shishido Toyoko  || Shishido Toyoko,宍户东横子,same localization ID maps to multiple English strings
P2,source_id_conflict,ModuleData/Languages/bak_strings.xml | ModuleData/heroes/kanto_heroes.xml | ModuleData/lords/kanto_lords.xml,73thINiW,Ota Sukeyoshi || Ota Tanko || Ota Suketoki,太田佑吉,same localization ID maps to multiple English strings
P2,source_id_conflict,ModuleData/Languages/bak_strings.xml | ModuleData/heroes/kanto_heroes.xml | ModuleData/lords/kanto_lords.xml,RUVHqSha,Suzuki Shigenori || Hasuda Takasada,铃木重德,same localization ID maps to multiple English strings
P2,source_id_conflict,ModuleData/Languages/bak_strings.xml | ModuleData/heroes/kanto_heroes.xml | ModuleData/lords/kanto_lords.xml,SwQ02lSF,Yamanobe Yoshitsune || Yamanobe Yoshimi,山边义经,same localization ID maps to multiple English strings
P2,source_id_conflict,ModuleData/Languages/bak_strings.xml | ModuleData/heroes/kanto_heroes.xml | ModuleData/lords/kanto_lords.xml,Vm16qd8L,Yamanobe Mina || Yamanobe Shizuka,山边美奈,same localization ID maps to multiple English strings
P2,source_id_conflict,ModuleData/Languages/bak_strings.xml | ModuleData/heroes/kanto_heroes.xml | ModuleData/lords/kanto_lords.xml,WYTqPJNj,Suzuki Chiyo || Suzuki Misa,铃木千代,same localization ID maps to multiple English strings
P2,source_id_conflict,ModuleData/Languages/bak_strings.xml | ModuleData/heroes/kanto_heroes.xml | ModuleData/lords/kanto_lords.xml,r9bbr3VW,Maeda Toshinori || Maeda Toshimichi,前田利典,same localization ID maps to multiple English strings
P2,source_id_conflict,ModuleData/Languages/bak_strings.xml | ModuleData/heroes/kinki_heroes.xml | ModuleData/lords/kinki_lords.xml,Ez9wouSk,Kimata Morichika || Kimata Matsu,木田守亲,same localization ID maps to multiple English strings
P2,source_id_conflict,ModuleData/Languages/bak_strings.xml | ModuleData/heroes/kinki_heroes.xml | ModuleData/lords/kinki_lords.xml,dKcLiTvb,Ashikaga Yoshihide || Ihara Asahiro,足利义英,same localization ID maps to multiple English strings
P2,source_id_conflict,ModuleData/Languages/bak_strings.xml | ModuleData/heroes/kinki_heroes.xml | ModuleData/lords/kinki_lords.xml,eHD3yI8F,Konoe Toyoko || Toyoko Konoe,近江丰子,same localization ID maps to multiple English strings
P2,source_id_conflict,ModuleData/Languages/bak_strings.xml | ModuleData/heroes/kinki_heroes.xml | ModuleData/lords/kinki_lords.xml,gqt0QIl5,Kinoshita Toshinori || Kinoshita Toshimasa,木下利则,same localization ID maps to multiple English strings
P2,source_id_conflict,ModuleData/Languages/bak_strings.xml | ModuleData/heroes/kinki_heroes.xml | ModuleData/lords/kinki_lords.xml,nbMsupjp,Kuroda Kei || Tsukigata Senzo,黑田圭,same localization ID maps to multiple English strings
P2,source_id_conflict,ModuleData/Languages/bak_strings.xml | ModuleData/heroes/kinki_heroes.xml | ModuleData/lords/kinki_lords.xml,pRDHDfAf,Kuroda Harima || Kuroda Kazuyoshi,黑田播磨,same localization ID maps to multiple English strings
P2,source_id_conflict,ModuleData/Languages/bak_strings.xml | ModuleData/heroes/kyushu_heroes.xml | ModuleData/lords/kyushu_lords.xml,16V5w91f,Konze Shinpachi || Kikuchi Shichirozaemon,金世新八,same localization ID maps to multiple English strings
P2,source_id_conflict,ModuleData/Languages/bak_strings.xml | ModuleData/heroes/kyushu_heroes.xml | ModuleData/lords/kyushu_lords.xml,7s4dxFt3,Hisamitsu || Shimazu Hisamitsu,久光,same localization ID maps to multiple English strings
P2,source_id_conflict,ModuleData/Languages/bak_strings.xml | ModuleData/heroes/kyushu_heroes.xml | ModuleData/lords/kyushu_lords.xml,BosIchMa,Ichiki Masanosuke || Ichiki Masanao,一木正之介,same localization ID maps to multiple English strings
P2,source_id_conflict,ModuleData/Languages/bak_strings.xml | ModuleData/heroes/kyushu_heroes.xml | ModuleData/lords/kyushu_lords.xml,BosIsCha,Ishihara Chikamasa || Ishihara Chikayoshi,石原近正,same localization ID maps to multiple English strings
P2,source_id_conflict,ModuleData/Languages/bak_strings.xml | ModuleData/heroes/kyushu_heroes.xml | ModuleData/lords/kyushu_lords.xml,BosKikuj,Saigo Kikujirō || Saigo Kikujiro,西乡菊二郎,same localization ID maps to multiple English strings
P2,source_id_conflict,ModuleData/Languages/bak_strings.xml | ModuleData/heroes/kyushu_heroes.xml | ModuleData/lords/kyushu_lords.xml,GJikOBTs,Nabeshima Tsuneko || Nabeshima Naotora,锅岛恒子,same localization ID maps to multiple English strings
P2,source_id_conflict,ModuleData/Languages/bak_strings.xml | ModuleData/heroes/kyushu_heroes.xml | ModuleData/lords/kyushu_lords.xml,L1wnB6pW,Komatsu Kiyokado || Komatsu Chika,小松清华门,same localization ID maps to multiple English strings
P2,source_id_conflict,ModuleData/Languages/bak_strings.xml | ModuleData/heroes/kyushu_heroes.xml | ModuleData/lords/kyushu_lords.xml,Zyip3QcN,Miyamoto Sadanori || Miyamoto Sadaaki,宫本定则,same localization ID maps to multiple English strings
P2,source_id_conflict,ModuleData/Languages/bak_strings.xml | ModuleData/heroes/kyushu_heroes.xml | ModuleData/lords/kyushu_lords.xml,aBevKeGx,Murata Masanori || Murata Masatada,村田正则,same localization ID maps to multiple English strings
P2,source_id_conflict,ModuleData/Languages/bak_strings.xml | ModuleData/heroes/kyushu_heroes.xml | ModuleData/lords/kyushu_lords.xml,t99JjHho,Shimazu Keijiro || Shimazu Tadafuyu,岛津庆次郎,same localization ID maps to multiple English strings
P2,source_id_conflict,ModuleData/Languages/bak_strings.xml | ModuleData/heroes/kyushu_heroes.xml | ModuleData/lords/kyushu_lords.xml,zy3vzsD2,Tanegashima Hisamichi || Tanegashima Hisanao,种子岛寿道,same localization ID maps to multiple English strings
P2,source_id_conflict,ModuleData/Languages/bak_strings.xml | ModuleData/heroes/shikoku_heroes.xml | ModuleData/lords/shikoku_lords.xml,Hlkt9zR1,Fukudome Ume || Goto Rikiko,福留梅,same localization ID maps to multiple English strings
P2,source_id_conflict,ModuleData/Languages/bak_strings.xml | ModuleData/heroes/shikoku_heroes.xml | ModuleData/lords/shikoku_lords.xml,KDfcebZ7,Kashuji Sayuri || Kato Yasutomo,卡修吉小百合,same localization ID maps to multiple English strings
P2,source_id_conflict,ModuleData/Languages/bak_strings.xml | ModuleData/heroes/tohoku_heroes.xml | ModuleData/lords/tohoku_lords.xml,7iNle8U9,Saigo Yurin || Inawashiro Moritane,西乡友林,same localization ID maps to multiple English strings
P2,source_id_conflict,ModuleData/Languages/bak_strings.xml | ModuleData/heroes/tohoku_heroes.xml | ModuleData/lords/tohoku_lords.xml,97vWqS1S,Daidouji Shigetoshi || Tsugaru Naramaro,大道寺重利,same localization ID maps to multiple English strings
P2,source_id_conflict,ModuleData/Languages/bak_strings.xml | ModuleData/heroes/tohoku_heroes.xml | ModuleData/lords/tohoku_lords.xml,YwGkSfbK,Saigo Tanomo || Inawashiro Morikuni,田野西乡,same localization ID maps to multiple English strings
P2,source_id_conflict,ModuleData/Languages/bak_strings.xml | ModuleData/heroes/tohoku_heroes.xml | ModuleData/lords/tohoku_lords.xml,kD2IsTSN,Nanbu Matsu || Nanbu Matsuhime,南部松,same localization ID maps to multiple English strings
P2,source_id_conflict,ModuleData/Languages/bak_strings.xml | ModuleData/heroes/tohoku_heroes.xml | ModuleData/lords/tohoku_lords.xml,kDG4hH19,Saigo Chieko || Inawashiro Matsu,西乡千惠子,same localization ID maps to multiple English strings
P2,source_id_conflict,ModuleData/Languages/bak_strings.xml | ModuleData/heroes/tohoku_heroes.xml | ModuleData/lords/tohoku_lords.xml,qLjgsdLd,Date Iyoko || Rusu Haru,留守春,same localization ID maps to multiple English strings
P2,source_id_conflict,ModuleData/Languages/bak_strings.xml | ModuleData/martial_schools_broad.xml,A6b7C8d9,Oshima-ryu || Tennen Rishin-ryu,大岛流,same localization ID maps to multiple English strings
P2,source_id_conflict,ModuleData/Languages/bak_strings.xml | ModuleData/module_strings.xml,K6sg7Tok,Tenryo || Tokugawa,天领,same localization ID maps to multiple English strings
P2,source_id_conflict,ModuleData/Languages/bak_strings.xml | ModuleData/module_strings.xml,TenrabnX,the Tokugawa || the Tenryo,德川家,same localization ID maps to multiple English strings
P2,source_id_conflict,ModuleData/Languages/bak_strings.xml | ModuleData/module_strings.xml,kdDoqJxM,"The nobles aren't trying to defend a wicked cause, but they cannot risk the domain's destruction by its enemies || The nobles aren't trying to defend a wicked cause, but they cannot risk the domain's destruction by its enemies.",贵族们并不想捍卫邪恶的事业，但他们不能冒藩被敌人毁灭的风险,same localization ID maps to multiple English strings
P2,source_id_conflict,ModuleData/Languages/bak_strings.xml | ModuleData/module_strings.xml,tRwThwSh,Shogun || Daimyo,将军,same localization ID maps to multiple English strings
P2,source_id_conflict,ModuleData/Languages/bak_strings.xml | ModuleData/module_strings.xml,zMOC9gh6,"Hokuriku, along the northern coast of Honshū, is one of the most prosperous regions of Japan. Home to some of the wealthiest domains in Japan, especially the Maeda of Kaga, the single wealthiest domain in all of Japan, Hokuriku produces a great deal of the rice used to feed central Honshū. Hokuriku is almost entirely loyal to the Shogunate, with most domains either staying loyal throughout the future Boshin War or refusing to take side. However, their reluctance to reform has placed the domains of Hokuriku in the backseat, becoming less relevant than the poorer but more fiery domains in the southwest and north. || Ezo (modern Hokkaidō), home to the Ainu, remained a remote frontier. In the late Bakumatsu, the Matsumae Domain managed small garrisons and fortified trading posts to assert shogunate influence, while Ainu communities maintained autonomous governance. The region was a delicate frontier where indigenous autonomy, limited shogunate oversight, and foreign concerns, particularly Russian encroachment, intersected.",北陆位于本州北部海岸，是日本最繁荣的地区之一。北陆是日本一些最富有的藩的所在地，尤其是加贺前田，它是全日本最富有的藩，北陆出产大量用于喂养本州中部的大米。北陆几乎完全忠于幕府，大多数藩要么在未来的戊辰战争中保持忠诚，要么拒绝站在一边。然而，他们不愿改革，使得北陆地区处于次要地位，与西南和北部较贫穷但更火热的地区相比，其重要性较低。,same localization ID maps to multiple English strings
P2,source_id_conflict,ModuleData/Languages/bak_strings.xml | ModuleData/module_strings.xml | ModuleData/spnpccharacters/dojo_spnpccharacters.xml,5fbPC9f9,{CURRENT_RYUHA} Shihan || {CURRENT_RYUHA} Master,{CURRENT_RYUHA} 师范,same localization ID maps to multiple English strings
P2,source_id_conflict,ModuleData/Languages/bak_strings.xml | ModuleData/settlements_reference.xml,Epzs9bvB,Azumi || Asaka,朝霞,same localization ID maps to multiple English strings
P2,source_id_conflict,ModuleData/Languages/bak_strings.xml | ModuleData/settlements_reference.xml | ModuleData/spcultures/shokuho_main_cultures.xml | ModuleData/spkingdoms/spkingdoms.xml,0rDc1SBx,Ito || Kokura,小仓,same localization ID maps to multiple English strings
P2,source_id_conflict,ModuleData/Languages/bak_strings.xml | ModuleData/settlements_reference.xml | ModuleData/spkingdoms/spkingdoms.xml,9iMMapjE,Utsunomiya || Nagaoka,长冈,same localization ID maps to multiple English strings
P2,source_id_conflict,ModuleData/Languages/bak_strings.xml | ModuleData/settlements_reference.xml | ModuleData/spkingdoms/spkingdoms.xml,ASyaMblp,Honjo || Shonai,庄内,same localization ID maps to multiple English strings
P2,source_id_conflict,ModuleData/Languages/bak_strings.xml | ModuleData/settlements_reference.xml | ModuleData/spkingdoms/spkingdoms.xml,HCBBJbxX,Arima || Kurume,久留米,same localization ID maps to multiple English strings
P2,source_id_conflict,ModuleData/Languages/bak_strings.xml | ModuleData/spclans/chubu_clans.xml,9k6cL3Na,Nakagawa-shi || Toda-shi Ogaki-ke,中川氏,same localization ID maps to multiple English strings
P2,source_id_conflict,ModuleData/Languages/bak_strings.xml | ModuleData/spclans/chubu_clans.xml,or53kdM3,Matsudaira-shi Yuki-ke || Matsudaira-shi Tsuyama-ke || Matsudaira-shi Akashi-ke || Matsudaira-shi Itoigawa-ke,松平氏幸家,same localization ID maps to multiple English strings
P2,source_id_conflict,ModuleData/Languages/bak_strings.xml | ModuleData/spclans/chubu_clans.xml | ModuleData/spclans/kanto_clans.xml,8ARCCCRo,Sakai-shi || Maeda-shi Tosa-no-kami-ke,放手吧,same localization ID maps to multiple English strings
P2,source_id_conflict,ModuleData/Languages/bak_strings.xml | ModuleData/spclans/chubu_clans.xml | ModuleData/spclans/kinki_clans.xml,dOsL2isy,Oda-shi Tendo-ke || Todo-shi Hisai-ke,小田氏天童家,same localization ID maps to multiple English strings
P2,source_id_conflict,ModuleData/Languages/bak_strings.xml | ModuleData/spclans/chugoku_clans.xml,OVQoC9fn,Asano-shi || Mihara Asano-shi || Ueda-shi || Matsudaira-shi Unshu-ke || Matsudaira-shi Mori-ke || Matsudaira-shi Hirose-ke || Matsudaira-shi Ochi-ke,浅野氏,same localization ID maps to multiple English strings
P2,source_id_conflict,ModuleData/Languages/bak_strings.xml | ModuleData/spclans/kanto_clans.xml,O1t78okp,Maeda-shi Daishoji-ke || Masaki-shi,前田氏大圣寺院,same localization ID maps to multiple English strings
P2,source_id_conflict,ModuleData/Languages/bak_strings.xml | ModuleData/spclans/kanto_clans.xml | ModuleData/spclans/kinki_clans.xml,lfglFdss,Ota-shi Mito-ke || Todo-shi,大田氏水户家,same localization ID maps to multiple English strings
P2,source_id_conflict,ModuleData/Languages/bak_strings.xml | ModuleData/spclans/kinki_clans.xml,Hkaz0M4C,Maeda-shi Tsushima-no-kami-ke || Ganshoji-shi,前田氏对马之家,same localization ID maps to multiple English strings
P2,source_id_conflict,ModuleData/Languages/bak_strings.xml | ModuleData/spclans/kinki_clans.xml,xRnrOdTc,Okumura-shi Soke || Honganji-shi,奥村氏杂毛,same localization ID maps to multiple English strings
P2,source_id_conflict,ModuleData/Languages/bak_strings.xml | ModuleData/spcultures/shokuho_main_cultures.xml,60nJZSa2,"Satsuma occupied a unique position in the late Bakumatsu. The Shimazu lords maintained semi-independence, joining the shogunate under their own terms while remaining largely unconquerable. The domain was highly militarized, with a dense network of goshi samurai and a distinctive castle system. Satsuma's samurai were renowned for their loyalty, identifying first as Satsuma men, and the domain played a key role in supporting pro-imperial movements leading into the Meiji Era.{newline}{newline}Foreign Merchant: British || TODO{newline}{newline}Foreign Merchant: British || TODO{newline}{newline}Foreign Merchant: German || TODO{newline}{newline}Foreign Merchant: Dutch",萨摩在幕末末期占有独特的地位。岛津诸侯保持半独立，按照自己的条件加入幕府，同时基本上保持不可征服的状态。该藩高度军事化，拥有密集的五子武士网络和独特的城堡系统。萨摩武士以其忠诚而闻名，首先被认为是萨摩男人，该藩在支持明治时代的亲帝国运动中发挥了关键作用。{newline}{newline}外国商人：英国人,same localization ID maps to multiple English strings
P2,source_id_conflict,ModuleData/Languages/bak_strings.xml | ModuleData/spcultures/shokuho_main_cultures.xml,701yWNGe,Fudai || Tokai{newline}{newline}Foreign Merchant: French,谱代,same localization ID maps to multiple English strings
P2,source_id_conflict,ModuleData/Languages/bak_strings.xml | ModuleData/spcultures/shokuho_main_cultures.xml,701yWTen,Tenryo || Tenryo{newline}{newline}Foreign Merchant: French,天领,same localization ID maps to multiple English strings
P2,source_id_conflict,ModuleData/Languages/bak_strings.xml | ModuleData/spcultures/shokuho_main_cultures.xml,AizIDiZt,Aizu || Aizu{newline}{newline}Foreign Merchant: German,会津{newline}{newline}外国商人：德国,same localization ID maps to multiple English strings
P2,source_id_conflict,ModuleData/Languages/bak_strings.xml | ModuleData/spcultures/shokuho_main_cultures.xml,Hikm7ttN,Hikone || Hikone{newline}{newline}Foreign Merchant: French,彦根,same localization ID maps to multiple English strings
P2,source_id_conflict,ModuleData/Languages/bak_strings.xml | ModuleData/spcultures/shokuho_main_cultures.xml,JozAyodh,Jozai || Jozai{newline}{newline}Foreign Merchant: German,定在,same localization ID maps to multiple English strings
P2,source_id_conflict,ModuleData/Languages/bak_strings.xml | ModuleData/spcultures/shokuho_main_cultures.xml,Kism7ttN,Kii || Kii{newline}{newline}Foreign Merchant: German,不,same localization ID maps to multiple English strings
P2,source_id_conflict,ModuleData/Languages/bak_strings.xml | ModuleData/spcultures/shokuho_main_cultures.xml,Kuwm7ttN,Kuwana || Kuwana{newline}{newline}Foreign Merchant: French,桑名{newline}{newline}外国商人：法国,same localization ID maps to multiple English strings
P2,source_id_conflict,ModuleData/Languages/bak_strings.xml | ModuleData/spcultures/shokuho_main_cultures.xml,MFkIDiZT,Morioka || Morioka{newline}{newline}Foreign Merchant: German,盛冈,same localization ID maps to multiple English strings
P2,source_id_conflict,ModuleData/Languages/bak_strings.xml | ModuleData/spcultures/shokuho_main_cultures.xml,MFkIDiZt,Hirosaki || Hirosaki{newline}{newline}Foreign Merchant: Dutch,弘前,same localization ID maps to multiple English strings
P2,source_id_conflict,ModuleData/Languages/bak_strings.xml | ModuleData/spcultures/shokuho_main_cultures.xml,MfAIDiZt,Akita || Akita{newline}{newline}Foreign Merchant: British,秋田,same localization ID maps to multiple English strings
P2,source_id_conflict,ModuleData/Languages/bak_strings.xml | ModuleData/spcultures/shokuho_main_cultures.xml,NFOJEHir,Hiroshima || Hiroshima{newline}{newline}Foreign Merchant: British,广岛,same localization ID maps to multiple English strings
P2,source_id_conflict,ModuleData/Languages/bak_strings.xml | ModuleData/spcultures/shokuho_main_cultures.xml,NFOJETot,Tottori || Tottori{newline}{newline}Foreign Merchant: Dutch,鸟取,same localization ID maps to multiple English strings
P2,source_id_conflict,ModuleData/Languages/bak_strings.xml | ModuleData/spcultures/shokuho_main_cultures.xml,NFOJEwiL,Choshu || TODO{newline}{newline}Foreign Merchant: British,长州,same localization ID maps to multiple English strings
P2,source_id_conflict,ModuleData/Languages/bak_strings.xml | ModuleData/spcultures/shokuho_main_cultures.xml,OwaAyodh,Owari || Owari{newline}{newline}Foreign Merchant: French,尾张,same localization ID maps to multiple English strings
P2,source_id_conflict,ModuleData/Languages/bak_strings.xml | ModuleData/spcultures/shokuho_main_cultures.xml,Rsom7ttN,Hikone || Kinai,彦根,same localization ID maps to multiple English strings
P2,source_id_conflict,ModuleData/Languages/bak_strings.xml | ModuleData/spcultures/shokuho_main_cultures.xml,SenIDiZt,Sendai || Sendai{newline}{newline}Foreign Merchant: German,仙台,same localization ID maps to multiple English strings
P2,source_id_conflict,ModuleData/Languages/bak_strings.xml | ModuleData/spcultures/shokuho_main_cultures.xml,ShkIDiZt,Shonai || Shonai{newline}{newline}Foreign Merchant: German,庄内,same localization ID maps to multiple English strings
P2,source_id_conflict,ModuleData/Languages/bak_strings.xml | ModuleData/spcultures/shokuho_main_cultures.xml,Tsum7ttN,Tsu || Tsu{newline}{newline}Foreign Merchant: French,津,same localization ID maps to multiple English strings
P2,source_id_conflict,ModuleData/Languages/bak_strings.xml | ModuleData/spcultures/shokuho_main_cultures.xml,YFkIDiZT,Yonezawa || Yonezawa{newline}{newline}Foreign Merchant: Dutch,米泽,same localization ID maps to multiple English strings
P2,source_id_conflict,ModuleData/Languages/bak_strings.xml | ModuleData/spcultures/shokuho_main_cultures.xml,Z1qR2REA,Tozama || Tosan{newline}{newline}Foreign Merchant: Dutch,户座间,same localization ID maps to multiple English strings
P2,source_id_conflict,ModuleData/Languages/bak_strings.xml | ModuleData/spcultures/shokuho_main_cultures.xml,dN143uK3,TODO{newline}{newline}Foreign Merchant: British || TODO{newline}{newline}Foreign Merchant: Dutch,待补充{newline}{newline}外国商人：英国,same localization ID maps to multiple English strings
P2,source_id_conflict,ModuleData/Languages/bak_strings.xml | ModuleData/spcultures/shokuho_main_cultures.xml,jKviMpbP,Monks || Japanese,僧侣,same localization ID maps to multiple English strings
P2,source_id_conflict,ModuleData/Languages/bak_strings.xml | ModuleData/spcultures/shokuho_main_cultures.xml,wIaHKFuk,Fukui || Fukui{newline}{newline}Foreign Merchant: British,福井,same localization ID maps to multiple English strings
P2,source_id_conflict,ModuleData/Languages/bak_strings.xml | ModuleData/spcultures/shokuho_main_cultures.xml,wIaHKKag,Kaga || Kaga{newline}{newline}Foreign Merchant: Dutch,来自你,same localization ID maps to multiple English strings
P2,source_id_conflict,ModuleData/Languages/bak_strings.xml | ModuleData/spcultures/shokuho_main_cultures.xml,wIaHKNag,Nagaoka || Nagaoka{newline}{newline}Foreign Merchant: American,长冈,same localization ID maps to multiple English strings
P2,source_id_conflict,ModuleData/Languages/bak_strings.xml | ModuleData/spcultures/shokuho_main_cultures.xml,wIaHKOba,Obama || Obama{newline}{newline}Foreign Merchant: Dutch,小浜{newline}{newline}外国商人：荷兰,same localization ID maps to multiple English strings
P2,source_id_conflict,ModuleData/Languages/bak_strings.xml | ModuleData/spcultures/shokuho_main_cultures.xml,wIaHKYMr,Kaga || Hokuriku,北陆,same localization ID maps to multiple English strings
P2,source_id_conflict,ModuleData/Languages/bak_strings.xml | ModuleData/spcultures/shokuho_main_cultures.xml | ModuleData/spkingdoms/spkingdoms.xml,ONWqd9Hd,Aso || Kumamoto,熊本,same localization ID maps to multiple English strings
P2,source_id_conflict,ModuleData/Languages/bak_strings.xml | ModuleData/spspecialcharacters/bak_foreign_merchants.xml,wKt2wTeR,American Arms Dealer || Foreign Arms Dealer,美国军火商,same localization ID maps to multiple English strings
P2,source_id_conflict,ModuleData/Languages/bak_strings.xml | ModuleData/spspecialcharacters/bak_notables.xml,FuKAbgHr,Fukui Caravan Master || Fukuoka Caravan Master,福井房车大师,same localization ID maps to multiple English strings
